username,amount,reason,timestamp,date
alfims,90,Phase 3: RAM,1782878411548,2026-07-01
avin_novor,90,Phase 3: RAM,1782878411551,2026-07-01
snoopys030,90,Phase 3: RAM,1782878411561,2026-07-01
dahhel,90,Phase 3: RAM,1782878411574,2026-07-01
shadowladyex,90,Phase 3: RAM,1782878411578,2026-07-01
xiaoxiao9313,90,Phase 3: RAM,1782878411695,2026-07-01
avin_novor,45,Phase 1: GPU,1782879747200,2026-07-01
madagascaradam,45,Phase 1: GPU,1782879747205,2026-07-01
shadowladyex,45,Phase 1: GPU,1782879747211,2026-07-01
alfims,45,Phase 1: GPU,1782879747236,2026-07-01
alyssrentori,45,Phase 1: GPU,1782879747265,2026-07-01
snoopys030,45,Phase 1: GPU,1782879747293,2026-07-01
slay_da_b,45,Phase 1: GPU,1782879747319,2026-07-01
dahhel,45,Phase 1: GPU,1782879747322,2026-07-01
dahhel,65,Phase 2: HDD,1782880321175,2026-07-01
snoopys030,65,Phase 2: HDD,1782880321183,2026-07-01
shadowladyex,65,Phase 2: HDD,1782880321186,2026-07-01
avin_novor,65,Phase 2: HDD,1782880321193,2026-07-01
darkranx,65,Phase 2: HDD,1782880321196,2026-07-01
darkranx,90,Phase 3: CPU,1782880840304,2026-07-01
slay_da_b,90,Phase 3: CPU,1782880840308,2026-07-01
dahhel,90,Phase 3: CPU,1782880840310,2026-07-01
snoopys030,90,Phase 3: CPU,1782880840312,2026-07-01
alburldador,90,Phase 3: CPU,1782880840315,2026-07-01
shadowladyex,90,Phase 3: CPU,1782880840317,2026-07-01
xiaoxiao9313,90,Phase 3: CPU,1782880840321,2026-07-01
dahhel,45,Phase 1: CPU,1782881919716,2026-07-01
shadowladyex,45,Phase 1: CPU,1782881919719,2026-07-01
alburldador,45,Phase 1: CPU,1782881919795,2026-07-01
mori2323,65,Phase 2: HDD,1782882722745,2026-07-01
alfims,65,Phase 2: HDD,1782882722749,2026-07-01
avin_novor,65,Phase 2: HDD,1782882722755,2026-07-01
alburldador,65,Phase 2: HDD,1782882722761,2026-07-01
shadowladyex,65,Phase 2: HDD,1782882722764,2026-07-01
madagascaradam,65,Phase 2: HDD,1782882722774,2026-07-01
dahhel,65,Phase 2: HDD,1782882722783,2026-07-01
calypso_ba,65,Phase 2: HDD,1782882722786,2026-07-01
darkranx,65,Phase 2: HDD,1782882722794,2026-07-01
slay_da_b,65,Phase 2: HDD,1782882722796,2026-07-01
snoopys030,90,Phase 3: RAM,1782883388713,2026-07-01
alfims,90,Phase 3: RAM,1782883388718,2026-07-01
madagascaradam,90,Phase 3: RAM,1782883388729,2026-07-01
mori2323,90,Phase 3: RAM,1782883388730,2026-07-01
shadowladyex,90,Phase 3: RAM,1782883388747,2026-07-01
xiaoxiao9313,90,Phase 3: RAM,1782883388749,2026-07-01
ivanpetrov32,90,Phase 3: RAM,1782883388753,2026-07-01
dahhel,90,Phase 3: RAM,1782883388754,2026-07-01
alburldador,90,Phase 3: RAM,1782883388810,2026-07-01
alburldador,45,Phase 1: CPU,1782884686229,2026-07-01
mori2323,45,Phase 1: CPU,1782884686237,2026-07-01
avin_novor,45,Phase 1: CPU,1782884686243,2026-07-01
madagascaradam,45,Phase 1: CPU,1782884686263,2026-07-01
xiaoxiao9313,45,Phase 1: CPU,1782884686266,2026-07-01
snoopys030,45,Phase 1: CPU,1782884686272,2026-07-01
slay_da_b,45,Phase 1: CPU,1782884686292,2026-07-01
alfims,45,Phase 1: CPU,1782884686306,2026-07-01
alfims,65,Phase 2: HDD,1782885131299,2026-07-01
shadowladyex,65,Phase 2: HDD,1782885131307,2026-07-01
darkranx,65,Phase 2: HDD,1782885131308,2026-07-01
alburldador,65,Phase 2: HDD,1782885131311,2026-07-01
mori2323,65,Phase 2: HDD,1782885131316,2026-07-01
xiaoxiao9313,65,Phase 2: HDD,1782885131318,2026-07-01
avin_novor,45,Phase 1: RAM,1782886204788,2026-07-01
shadowladyex,45,Phase 1: RAM,1782886204796,2026-07-01
xiaoxiao9313,45,Phase 1: RAM,1782886204807,2026-07-01
alfims,45,Phase 1: RAM,1782886204910,2026-07-01
snoopys030,45,Phase 1: GPU,1782887538481,2026-07-01
alburldador,45,Phase 1: GPU,1782887538499,2026-07-01
avin_novor,45,Phase 1: GPU,1782887538518,2026-07-01
darkranx,65,Phase 2: CPU,1782888069431,2026-07-01
snoopys030,65,Phase 2: CPU,1782888069440,2026-07-01
ivanpetrov32,65,Phase 2: CPU,1782888069445,2026-07-01
mori2323,65,Phase 2: CPU,1782888069449,2026-07-01
shadowladyex,65,Phase 2: CPU,1782888069455,2026-07-01
slay_da_b,45,Phase 1: GPU,1782890570892,2026-07-01
alfims,45,Phase 1: GPU,1782890570896,2026-07-01
yurigiu,45,Phase 1: GPU,1782890570920,2026-07-01
snoopys030,45,Phase 1: GPU,1782890570925,2026-07-01
pika_gamy,45,Phase 1: GPU,1782890570944,2026-07-01
robin3one,45,Phase 1: GPU,1782891997800,2026-07-01
snoopys030,45,Phase 1: GPU,1782891997825,2026-07-01
mori2323,45,Phase 1: GPU,1782891997829,2026-07-01
whitepai,45,Phase 1: GPU,1782891997834,2026-07-01
slay_da_b,45,Phase 1: GPU,1782891997838,2026-07-01
shadowladyex,45,Phase 1: GPU,1782891997847,2026-07-01
pika_gamy,65,Phase 2: CPU,1782892509387,2026-07-01
robin3one,65,Phase 2: CPU,1782892509416,2026-07-01
mori2323,65,Phase 2: CPU,1782892509419,2026-07-01
alburldador,65,Phase 2: CPU,1782892509425,2026-07-01
shadowladyex,65,Phase 2: CPU,1782892509429,2026-07-01
xiaoxiao9313,90,Phase 3: HDD,1782892949310,2026-07-01
snoopys030,90,Phase 3: HDD,1782892949312,2026-07-01
slay_da_b,90,Phase 3: HDD,1782892949317,2026-07-01
mori2323,90,Phase 3: HDD,1782892949326,2026-07-01
robin3one,90,Phase 3: HDD,1782892949329,2026-07-01
alburldador,90,Phase 3: HDD,1782892949335,2026-07-01
shadowladyex,90,Phase 3: HDD,1782892949346,2026-07-01
pika_gamy,45,Phase 1: CPU,1782894245108,2026-07-01
xiaoxiao9313,45,Phase 1: CPU,1782894245111,2026-07-01
snoopys030,45,Phase 1: CPU,1782894245158,2026-07-01
mori2323,45,Phase 1: CPU,1782894245185,2026-07-01
shadowladyex,45,Phase 1: CPU,1782894245188,2026-07-01
robin3one,45,Phase 1: CPU,1782894245190,2026-07-01
slay_da_b,45,Phase 1: CPU,1782894245194,2026-07-01
alburldador,45,Phase 1: CPU,1782894245199,2026-07-01
darkranx,45,Phase 1: HDD,1782895578421,2026-07-01
alburldador,45,Phase 1: HDD,1782895578432,2026-07-01
snoopys030,45,Phase 1: HDD,1782895578436,2026-07-01
robin3one,45,Phase 1: HDD,1782895578443,2026-07-01
darkranx,65,Phase 2: GPU,1782896050446,2026-07-01
shadowladyex,65,Phase 2: GPU,1782896050453,2026-07-01
robin3one,65,Phase 2: GPU,1782896050468,2026-07-01
alfims,65,Phase 2: GPU,1782896050477,2026-07-01
alburldador,65,Phase 2: GPU,1782896050487,2026-07-01
snoopys030,65,Phase 2: GPU,1782896050491,2026-07-01
robin3one,45,Phase 1: HDD,1782897307873,2026-07-01
valase,45,Phase 1: HDD,1782897307880,2026-07-01
snoopys030,45,Phase 1: HDD,1782897307884,2026-07-01
alfims,45,Phase 1: HDD,1782897307892,2026-07-01
pika_gamy,45,Phase 1: HDD,1782897307902,2026-07-01
darkranx,45,Phase 1: HDD,1782897307904,2026-07-01
alburldador,45,Phase 1: HDD,1782897307969,2026-07-01
robin3one,65,Phase 2: CPU,1782897932927,2026-07-01
shadowladyex,65,Phase 2: CPU,1782897932933,2026-07-01
slay_da_b,65,Phase 2: CPU,1782897932936,2026-07-01
whitepai,65,Phase 2: CPU,1782897932945,2026-07-01
darkranx,65,Phase 2: CPU,1782897932951,2026-07-01
pika_gamy,65,Phase 2: CPU,1782897932953,2026-07-01
alburldador,65,Phase 2: CPU,1782897932960,2026-07-01
valase,65,Phase 2: CPU,1782897932964,2026-07-01
snoopys030,45,Phase 1: HDD,1782899122442,2026-07-01
valase,45,Phase 1: HDD,1782899122463,2026-07-01
robin3one,45,Phase 1: HDD,1782899122469,2026-07-01
shadowladyex,45,Phase 1: HDD,1782899122482,2026-07-01
alburldador,45,Phase 1: HDD,1782899122487,2026-07-01
slay_da_b,65,Phase 2: CPU,1782899523484,2026-07-01
whitepai,65,Phase 2: CPU,1782899523499,2026-07-01
valase,65,Phase 2: CPU,1782899523523,2026-07-01
snoopys030,65,Phase 2: CPU,1782899523643,2026-07-01
alburldador,65,Phase 2: CPU,1782899524049,2026-07-01
alburldador,45,Phase 1: CPU,1782900783191,2026-07-01
silent_luc,45,Phase 1: CPU,1782900783216,2026-07-01
valase,45,Phase 1: CPU,1782900783221,2026-07-01
shadowladyex,45,Phase 1: CPU,1782900783224,2026-07-01
xiaoxiao9313,45,Phase 1: CPU,1782900783226,2026-07-01
snoopys030,45,Phase 1: CPU,1782900783356,2026-07-01
alfims,45,Phase 1: CPU,1782900783374,2026-07-01
slay_da_b,45,Phase 1: GPU,1782902327768,2026-07-01
alburldador,45,Phase 1: GPU,1782902327786,2026-07-01
xiaoxiao9313,45,Phase 1: GPU,1782902327794,2026-07-01
valase,45,Phase 1: GPU,1782902327800,2026-07-01
silent_luc,45,Phase 1: GPU,1782902327805,2026-07-01
shadowladyex,45,Phase 1: GPU,1782902327876,2026-07-01
snoopys030,45,Phase 1: GPU,1782902327912,2026-07-01
pika_gamy,65,Phase 2: CPU,1782902786424,2026-07-01
whitepai,65,Phase 2: CPU,1782902786427,2026-07-01
snoopys030,65,Phase 2: CPU,1782902786432,2026-07-01
xiaoxiao9313,65,Phase 2: CPU,1782902786435,2026-07-01
alburldador,65,Phase 2: CPU,1782902786441,2026-07-01
slay_da_b,45,Phase 1: GPU,1782904018972,2026-07-01
valase,45,Phase 1: GPU,1782904018979,2026-07-01
xiaoxiao9313,45,Phase 1: GPU,1782904018981,2026-07-01
pika_gamy,45,Phase 1: GPU,1782904018985,2026-07-01
snoopys030,45,Phase 1: GPU,1782904018998,2026-07-01
shadowladyex,45,Phase 1: GPU,1782904019027,2026-07-01
whitepai,65,Phase 2: CPU,1782904525880,2026-07-01
slay_da_b,65,Phase 2: CPU,1782904525884,2026-07-01
valase,65,Phase 2: CPU,1782904525890,2026-07-01
xiaoxiao9313,65,Phase 2: CPU,1782904525921,2026-07-01
silent_luc,65,Phase 2: CPU,1782904525928,2026-07-01
slay_da_b,90,Phase 3: HDD,1782905121904,2026-07-01
alphonsoe,90,Phase 3: HDD,1782905121913,2026-07-01
alburldador,90,Phase 3: HDD,1782905121915,2026-07-01
valase,90,Phase 3: HDD,1782905121923,2026-07-01
alexwifi42,90,Phase 3: HDD,1782905121925,2026-07-01
shadowladyex,90,Phase 3: HDD,1782905121928,2026-07-01
snoopys030,90,Phase 3: HDD,1782905121988,2026-07-01
lovegamesandthings00000,90,Phase 3: HDD,1782905121995,2026-07-01
xiaoxiao9313,120,Phase 4: RAM,1782905633916,2026-07-01
alexwifi42,120,Phase 4: RAM,1782905633940,2026-07-01
pika_gamy,120,Phase 4: RAM,1782905633942,2026-07-01
silent_luc,120,Phase 4: RAM,1782905633946,2026-07-01
slay_da_b,120,Phase 4: RAM,1782905633956,2026-07-01
alphonsoe,120,Phase 4: RAM,1782905633959,2026-07-01
snoopys030,120,Phase 4: RAM,1782905633961,2026-07-01
ikaliayev,120,Phase 4: RAM,1782905633966,2026-07-01
alburldador,120,Phase 4: RAM,1782905633968,2026-07-01
slay_da_b,500,proStar bonus: all 4 phases,1782905634478,2026-07-01
alphonsoe,45,Phase 1: HDD,1782906354998,2026-07-01
snoopys030,45,Phase 1: HDD,1782906355002,2026-07-01
yurigiu,45,Phase 1: HDD,1782906355004,2026-07-01
silent_luc,45,Phase 1: HDD,1782906355008,2026-07-01
ikaliayev,45,Phase 1: HDD,1782906355010,2026-07-01
thanossoul,65,Phase 2: GPU,1782907044043,2026-07-01
silent_luc,65,Phase 2: GPU,1782907044057,2026-07-01
pika_gamy,65,Phase 2: GPU,1782907044069,2026-07-01
alexwifi42,65,Phase 2: GPU,1782907044076,2026-07-01
slay_da_b,65,Phase 2: GPU,1782907044084,2026-07-01
ikaliayev,65,Phase 2: GPU,1782907044089,2026-07-01
xiaoxiao9313,65,Phase 2: GPU,1782907044094,2026-07-01
alphonsoe,65,Phase 2: GPU,1782907044096,2026-07-01
alburldador,65,Phase 2: GPU,1782907044101,2026-07-01
valase,45,Phase 1: CPU,1782908570786,2026-07-01
alfims,45,Phase 1: CPU,1782908570799,2026-07-01
ikaliayev,45,Phase 1: CPU,1782908570811,2026-07-01
avin_novor,45,Phase 1: CPU,1782908570820,2026-07-01
snoopys030,45,Phase 1: CPU,1782908570824,2026-07-01
shadowladyex,45,Phase 1: CPU,1782908570828,2026-07-01
thanossoul,45,Phase 1: CPU,1782908570832,2026-07-01
alphonsoe,45,Phase 1: CPU,1782908570837,2026-07-01
xiaoxiao9313,45,Phase 1: CPU,1782908570840,2026-07-01
louis_of_apshai,45,Phase 1: CPU,1782908570852,2026-07-01
alburldador,45,Phase 1: CPU,1782908570856,2026-07-01
slay_da_b,45,Phase 1: CPU,1782908570860,2026-07-01
silent_luc,65,Phase 2: GPU,1782909224524,2026-07-01
alburldador,65,Phase 2: GPU,1782909224528,2026-07-01
pika_gamy,65,Phase 2: GPU,1782909224530,2026-07-01
shadowladyex,65,Phase 2: GPU,1782909224543,2026-07-01
alfims,65,Phase 2: GPU,1782909224545,2026-07-01
yurigiu,65,Phase 2: GPU,1782909224549,2026-07-01
ikaliayev,65,Phase 2: GPU,1782909224554,2026-07-01
snoopys030,65,Phase 2: GPU,1782909224559,2026-07-01
alphonsoe,65,Phase 2: GPU,1782909224634,2026-07-01
valase,65,Phase 2: GPU,1782909224640,2026-07-01
alphonsoe,45,Phase 1: HDD,1782910254020,2026-07-01
shadowladyex,45,Phase 1: HDD,1782910254039,2026-07-01
alburldador,45,Phase 1: HDD,1782910254054,2026-07-01
ikaliayev,45,Phase 1: HDD,1782910254065,2026-07-01
ikaliayev,65,Phase 2: CPU,1782911176893,2026-07-01
alfims,65,Phase 2: CPU,1782911176907,2026-07-01
ivanpetrov32,65,Phase 2: CPU,1782911176922,2026-07-01
alexwifi42,65,Phase 2: CPU,1782911176925,2026-07-01
thanossoul,65,Phase 2: CPU,1782911176928,2026-07-01
alphonsoe,65,Phase 2: CPU,1782911176954,2026-07-01
lovegamesandthings00000,65,Phase 2: CPU,1782911176957,2026-07-01
pika_gamy,65,Phase 2: CPU,1782911176960,2026-07-01
alburldador,65,Phase 2: CPU,1782911176967,2026-07-01
silent_luc,65,Phase 2: CPU,1782911176971,2026-07-01
valase,65,Phase 2: CPU,1782911177015,2026-07-01
snoopys030,65,Phase 2: CPU,1782911177017,2026-07-01
cerebralx1,65,Phase 2: CPU,1782911177028,2026-07-01
snoopys030,45,Phase 1: HDD,1782912558617,2026-07-01
alfims,45,Phase 1: HDD,1782912558639,2026-07-01
silent_luc,45,Phase 1: HDD,1782912558642,2026-07-01
ikaliayev,45,Phase 1: HDD,1782912558645,2026-07-01
alphonsoe,45,Phase 1: HDD,1782912558656,2026-07-01
thanossoul,45,Phase 1: HDD,1782912558667,2026-07-01
valase,45,Phase 1: HDD,1782912558670,2026-07-01
alburldador,45,Phase 1: HDD,1782912558675,2026-07-01
cerebralx1,45,Phase 1: HDD,1782912558678,2026-07-01
ivanpetrov32,45,Phase 1: HDD,1782912558684,2026-07-01
madagascaradam,65,Phase 2: GPU,1782913056787,2026-07-01
alburldador,65,Phase 2: GPU,1782913056792,2026-07-01
cerebralx1,65,Phase 2: GPU,1782913056799,2026-07-01
valase,65,Phase 2: GPU,1782913056808,2026-07-01
silent_luc,65,Phase 2: GPU,1782913056811,2026-07-01
snoopys030,65,Phase 2: GPU,1782913056834,2026-07-01
ikaliayev,65,Phase 2: GPU,1782913056852,2026-07-01
silent_luc,45,Phase 1: GPU,1782914515883,2026-07-01
alphonsoe,45,Phase 1: GPU,1782914515903,2026-07-01
cerebralx1,45,Phase 1: GPU,1782914515906,2026-07-01
operacional_cae,45,Phase 1: GPU,1782914515920,2026-07-01
shadowladyex,45,Phase 1: GPU,1782914515923,2026-07-01
ikaliayev,45,Phase 1: GPU,1782914515927,2026-07-01
alburldador,45,Phase 1: GPU,1782914515933,2026-07-01
avin_novor,45,Phase 1: GPU,1782914515947,2026-07-01
xiaoxiao9313,45,Phase 1: GPU,1782914515951,2026-07-01
slay_da_b,45,Phase 1: GPU,1782914515955,2026-07-01
valase,45,Phase 1: GPU,1782914515958,2026-07-01
madagascaradam,45,Phase 1: GPU,1782914515962,2026-07-01
alburldador,65,Phase 2: CPU,1782915249338,2026-07-01
pika_gamy,65,Phase 2: CPU,1782915249346,2026-07-01
silent_luc,65,Phase 2: CPU,1782915249351,2026-07-01
ikaliayev,65,Phase 2: CPU,1782915249364,2026-07-01
slay_da_b,65,Phase 2: CPU,1782915249377,2026-07-01
alfims,65,Phase 2: CPU,1782915249379,2026-07-01
ivanpetrov32,65,Phase 2: CPU,1782915249382,2026-07-01
alphonsoe,65,Phase 2: CPU,1782915249389,2026-07-01
alexwifi42,65,Phase 2: CPU,1782915249396,2026-07-01
valase,65,Phase 2: CPU,1782915249442,2026-07-01
snoopys030,65,Phase 2: CPU,1782915249635,2026-07-01
alburldador,45,Phase 1: CPU,1782916497169,2026-07-01
ikaliayev,45,Phase 1: CPU,1782916497172,2026-07-01
xiaoxiao9313,45,Phase 1: CPU,1782916497181,2026-07-01
avin_novor,45,Phase 1: CPU,1782916497183,2026-07-01
silent_luc,45,Phase 1: CPU,1782916497246,2026-07-01
alphonsoe,45,Phase 1: CPU,1782916497259,2026-07-01
operacional_cae,45,Phase 1: CPU,1782916497296,2026-07-01
valase,45,Phase 1: CPU,1782916497342,2026-07-01
ikaliayev,65,Phase 2: GPU,1782917033172,2026-07-01
alphonsoe,65,Phase 2: GPU,1782917033185,2026-07-01
avin_novor,65,Phase 2: GPU,1782917033187,2026-07-01
madagascaradam,65,Phase 2: GPU,1782917033198,2026-07-01
slay_da_b,65,Phase 2: GPU,1782917033201,2026-07-01
silent_luc,65,Phase 2: GPU,1782917033215,2026-07-01
valase,65,Phase 2: GPU,1782917033217,2026-07-01
xiaoxiao9313,65,Phase 2: GPU,1782917033279,2026-07-01
alburldador,65,Phase 2: GPU,1782917033281,2026-07-01
slay_da_b,45,Phase 1: HDD,1782918563243,2026-07-01
avin_novor,45,Phase 1: HDD,1782918563268,2026-07-01
ikaliayev,45,Phase 1: HDD,1782918563276,2026-07-01
silent_luc,45,Phase 1: HDD,1782918563281,2026-07-01
madagascaradam,45,Phase 1: HDD,1782918563337,2026-07-01
thanossoul,45,Phase 1: HDD,1782918563341,2026-07-01
alphonsoe,45,Phase 1: HDD,1782918563347,2026-07-01
pika_gamy,45,Phase 1: HDD,1782918563368,2026-07-01
alexwifi42,45,Phase 1: HDD,1782918563396,2026-07-01
valase,45,Phase 1: HDD,1782918563446,2026-07-01
alburldador,45,Phase 1: HDD,1782918563457,2026-07-01
dahhel,45,Phase 1: HDD,1782918563998,2026-07-01
xiaoxiao9313,45,Phase 1: HDD,1782920092817,2026-07-01
alburldador,45,Phase 1: HDD,1782920092844,2026-07-01
avin_novor,45,Phase 1: HDD,1782920092847,2026-07-01
pika_gamy,45,Phase 1: HDD,1782920092851,2026-07-01
alphonsoe,45,Phase 1: HDD,1782920092853,2026-07-01
valase,45,Phase 1: HDD,1782920092860,2026-07-01
silent_luc,45,Phase 1: HDD,1782920092875,2026-07-01
dahhel,45,Phase 1: HDD,1782920092883,2026-07-01
ikaliayev,45,Phase 1: HDD,1782920092906,2026-07-01
puphik,65,Phase 2: GPU,1782920963452,2026-07-01
valase,65,Phase 2: GPU,1782920963462,2026-07-01
avin_novor,65,Phase 2: GPU,1782920963468,2026-07-01
alexwifi42,65,Phase 2: GPU,1782920963473,2026-07-01
ikaliayev,65,Phase 2: GPU,1782920963476,2026-07-01
alburldador,65,Phase 2: GPU,1782920963483,2026-07-01
alphonsoe,65,Phase 2: GPU,1782920963493,2026-07-01
thanossoul,65,Phase 2: GPU,1782920963496,2026-07-01
alfims,65,Phase 2: GPU,1782920963499,2026-07-01
dahhel,65,Phase 2: GPU,1782920963529,2026-07-01
silent_luc,65,Phase 2: GPU,1782920963555,2026-07-01
xiaoxiao9313,65,Phase 2: GPU,1782920963564,2026-07-01
ivanpetrov32,65,Phase 2: GPU,1782920963566,2026-07-01
avin_novor,45,Phase 1: GPU,1782922206030,2026-07-01
dahhel,45,Phase 1: GPU,1782922206033,2026-07-01
pika_gamy,45,Phase 1: GPU,1782922206044,2026-07-01
alburldador,45,Phase 1: GPU,1782922206046,2026-07-01
valase,45,Phase 1: GPU,1782922206048,2026-07-01
xiaoxiao9313,45,Phase 1: GPU,1782922206058,2026-07-01
ikaliayev,45,Phase 1: GPU,1782922206060,2026-07-01
silent_luc,45,Phase 1: GPU,1782922206160,2026-07-01
alfims,65,Phase 2: CPU,1782922755894,2026-07-01
ikaliayev,65,Phase 2: CPU,1782922755900,2026-07-01
thanossoul,65,Phase 2: CPU,1782922755905,2026-07-01
silent_luc,65,Phase 2: CPU,1782922755908,2026-07-01
dahhel,65,Phase 2: CPU,1782922755914,2026-07-01
xiaoxiao9313,65,Phase 2: CPU,1782922755923,2026-07-01
avin_novor,65,Phase 2: CPU,1782922755925,2026-07-01
alburldador,65,Phase 2: CPU,1782922755929,2026-07-01
pika_gamy,45,Phase 1: RAM,1782924248737,2026-07-01
silent_luc,45,Phase 1: RAM,1782924248749,2026-07-01
alexwifi42,45,Phase 1: RAM,1782924248768,2026-07-01
valase,45,Phase 1: RAM,1782924248777,2026-07-01
xiaoxiao9313,45,Phase 1: RAM,1782924248779,2026-07-01
thanossoul,45,Phase 1: RAM,1782924248784,2026-07-01
avin_novor,45,Phase 1: RAM,1782924248836,2026-07-01
dahhel,45,Phase 1: RAM,1782924248856,2026-07-01
ikaliayev,45,Phase 1: RAM,1782924248858,2026-07-01
slay_da_b,45,Phase 1: RAM,1782924248860,2026-07-01
alburldador,45,Phase 1: RAM,1782924248865,2026-07-01
avin_novor,65,Phase 2: GPU,1782924701475,2026-07-01
slay_da_b,65,Phase 2: GPU,1782924701488,2026-07-01
ikaliayev,65,Phase 2: GPU,1782924701500,2026-07-01
dahhel,65,Phase 2: GPU,1782924701506,2026-07-01
alburldador,65,Phase 2: GPU,1782924701510,2026-07-01
silent_luc,65,Phase 2: GPU,1782924701525,2026-07-01
thanossoul,45,Phase 1: GPU,1782925882169,2026-07-01
avin_novor,45,Phase 1: GPU,1782925882174,2026-07-01
silent_luc,45,Phase 1: GPU,1782925882334,2026-07-01
ikaliayev,45,Phase 1: GPU,1782925882340,2026-07-01
dahhel,45,Phase 1: GPU,1782925882629,2026-07-01
valase,45,Phase 1: HDD,1782927329060,2026-07-01
dahhel,45,Phase 1: HDD,1782927329089,2026-07-01
silent_luc,45,Phase 1: HDD,1782927329106,2026-07-01
mori2323,45,Phase 1: HDD,1782927329112,2026-07-01
alburldador,45,Phase 1: HDD,1782927329115,2026-07-01
operacional_cae,45,Phase 1: HDD,1782927329124,2026-07-01
ikaliayev,45,Phase 1: HDD,1782927329148,2026-07-01
pika_gamy,65,Phase 2: RAM,1782927857672,2026-07-01
alexwifi42,65,Phase 2: RAM,1782927857681,2026-07-01
mori2323,65,Phase 2: RAM,1782927857684,2026-07-01
silent_luc,65,Phase 2: RAM,1782927857691,2026-07-01
valase,65,Phase 2: RAM,1782927857697,2026-07-01
dahhel,65,Phase 2: RAM,1782927857704,2026-07-01
avin_novor,65,Phase 2: RAM,1782927857707,2026-07-01
ikaliayev,65,Phase 2: RAM,1782927857717,2026-07-01
avin_novor,45,Phase 1: GPU,1782928931382,2026-07-01
dahhel,45,Phase 1: GPU,1782928931398,2026-07-01
alburldador,45,Phase 1: GPU,1782928931404,2026-07-01
pika_gamy,45,Phase 1: GPU,1782928931424,2026-07-01
louis_of_apshai,45,Phase 1: GPU,1782928931451,2026-07-01
dahhel,45,Phase 1: GPU,1782930236074,2026-07-01
alburldador,45,Phase 1: GPU,1782930236077,2026-07-01
valase,45,Phase 1: GPU,1782930236083,2026-07-01
ikaliayev,45,Phase 1: GPU,1782930236087,2026-07-01
madagascaradam,45,Phase 1: GPU,1782930236217,2026-07-01
avin_novor,65,Phase 2: CPU,1782930678051,2026-07-01
silent_luc,65,Phase 2: CPU,1782930678062,2026-07-01
ikaliayev,65,Phase 2: CPU,1782930678067,2026-07-01
dahhel,65,Phase 2: CPU,1782930678072,2026-07-01
alburldador,65,Phase 2: CPU,1782930678079,2026-07-01
madagascaradam,65,Phase 2: CPU,1782930678083,2026-07-01
dahhel,45,Phase 1: GPU,1782931825683,2026-07-01
madagascaradam,45,Phase 1: GPU,1782931825695,2026-07-01
pika_gamy,45,Phase 1: GPU,1782931825698,2026-07-01
alyssrentori,45,Phase 1: GPU,1782931825706,2026-07-01
silent_luc,45,Phase 1: GPU,1782931825709,2026-07-01
avin_novor,45,Phase 1: GPU,1782931825715,2026-07-01
ikaliayev,45,Phase 1: GPU,1782931825796,2026-07-01
ikaliayev,45,Phase 1: HDD,1782933401142,2026-07-01
dahhel,45,Phase 1: HDD,1782933401160,2026-07-01
avin_novor,45,Phase 1: HDD,1782933401165,2026-07-01
alburldador,45,Phase 1: HDD,1782933401178,2026-07-01
pika_gamy,45,Phase 1: HDD,1782933401188,2026-07-01
alexwifi42,45,Phase 1: HDD,1782933401255,2026-07-01
silent_luc,45,Phase 1: HDD,1782933401287,2026-07-01
operacional_cae,45,Phase 1: HDD,1782933401378,2026-07-01
ikaliayev,45,Phase 1: RAM,1782934788211,2026-07-01
alburldador,45,Phase 1: RAM,1782934788235,2026-07-01
dahhel,45,Phase 1: RAM,1782934788239,2026-07-01
cerebralx1,45,Phase 1: RAM,1782934788243,2026-07-01
silent_luc,45,Phase 1: RAM,1782934788256,2026-07-01
pika_gamy,45,Phase 1: RAM,1782934788263,2026-07-01
avin_novor,45,Phase 1: HDD,1782936278529,2026-07-01
cerebralx1,45,Phase 1: HDD,1782936278560,2026-07-01
dahhel,45,Phase 1: HDD,1782936278573,2026-07-01
ikaliayev,45,Phase 1: HDD,1782936278580,2026-07-01
silent_luc,45,Phase 1: HDD,1782936278588,2026-07-01
alburldador,45,Phase 1: HDD,1782936278591,2026-07-01
pika_gamy,45,Phase 1: HDD,1782936278649,2026-07-01
dahhel,65,Phase 2: GPU,1782936967329,2026-07-01
lovegamesandthings00000,65,Phase 2: GPU,1782936967332,2026-07-01
avin_novor,65,Phase 2: GPU,1782936967336,2026-07-01
ikaliayev,65,Phase 2: GPU,1782936967341,2026-07-01
madagascaradam,65,Phase 2: GPU,1782936967344,2026-07-01
louis_of_apshai,65,Phase 2: GPU,1782936967392,2026-07-01
cerebralx1,65,Phase 2: GPU,1782936967400,2026-07-01
alburldador,65,Phase 2: GPU,1782936967409,2026-07-01
avin_novor,45,Phase 1: RAM,1782938302369,2026-07-01
thanossoul,45,Phase 1: RAM,1782938302379,2026-07-01
cerebralx1,45,Phase 1: RAM,1782938302381,2026-07-01
pika_gamy,45,Phase 1: RAM,1782938302390,2026-07-01
ikaliayev,45,Phase 1: RAM,1782938302393,2026-07-01
dahhel,45,Phase 1: RAM,1782938302395,2026-07-01
ura3535,45,Phase 1: RAM,1782938302401,2026-07-01
alburldador,45,Phase 1: RAM,1782938302406,2026-07-01
alburldador,65,Phase 2: GPU,1782938928875,2026-07-01
ikaliayev,65,Phase 2: GPU,1782938928877,2026-07-01
avin_novor,65,Phase 2: GPU,1782938928889,2026-07-01
dahhel,65,Phase 2: GPU,1782938928893,2026-07-01
cerebralx1,65,Phase 2: GPU,1782938928898,2026-07-01
silent_luc,65,Phase 2: GPU,1782938928915,2026-07-01
ragnar175,65,Phase 2: GPU,1782938929020,2026-07-01
avin_novor,90,Phase 3: CPU,1782939627858,2026-07-01
ragnar175,90,Phase 3: CPU,1782939627869,2026-07-01
ura3535,90,Phase 3: CPU,1782939627879,2026-07-01
dahhel,90,Phase 3: CPU,1782939627882,2026-07-01
alburldador,90,Phase 3: CPU,1782939627889,2026-07-01
cerebralx1,90,Phase 3: CPU,1782939627891,2026-07-01
ikaliayev,90,Phase 3: CPU,1782939627897,2026-07-01
pika_gamy,90,Phase 3: CPU,1782939627903,2026-07-01
operacional_cae,90,Phase 3: CPU,1782939627905,2026-07-01
silent_luc,90,Phase 3: CPU,1782939627930,2026-07-01
madagascaradam,90,Phase 3: CPU,1782939627944,2026-07-01
silent_luc,45,Phase 1: RAM,1782941175535,2026-07-01
shadowladyex,45,Phase 1: RAM,1782941175549,2026-07-01
avin_novor,45,Phase 1: RAM,1782941175563,2026-07-01
cerebralx1,45,Phase 1: RAM,1782941175575,2026-07-01
dahhel,45,Phase 1: RAM,1782941175577,2026-07-01
madagascaradam,45,Phase 1: RAM,1782941175580,2026-07-01
pika_gamy,45,Phase 1: RAM,1782941175581,2026-07-01
alburldador,45,Phase 1: RAM,1782941175584,2026-07-01
ikaliayev,45,Phase 1: RAM,1782941175587,2026-07-01
ragnar175,45,Phase 1: RAM,1782941175592,2026-07-01
alfims,45,Phase 1: RAM,1782941175594,2026-07-01
thanossoul,45,Phase 1: RAM,1782941175596,2026-07-01
alburldador,45,Phase 1: CPU,1782942831512,2026-07-01
avin_novor,45,Phase 1: CPU,1782942831530,2026-07-01
ikaliayev,45,Phase 1: CPU,1782942831551,2026-07-01
madagascaradam,45,Phase 1: CPU,1782942831555,2026-07-01
dahhel,45,Phase 1: CPU,1782942831561,2026-07-01
shadowladyex,45,Phase 1: CPU,1782942831564,2026-07-01
silent_luc,45,Phase 1: CPU,1782942831566,2026-07-01
pika_gamy,45,Phase 1: CPU,1782942831569,2026-07-01
ragnar175,45,Phase 1: CPU,1782942831574,2026-07-01
avin_novor,45,Phase 1: RAM,1782945014396,2026-07-01
ikaliayev,45,Phase 1: RAM,1782945014400,2026-07-01
dahhel,45,Phase 1: RAM,1782945014408,2026-07-01
silent_luc,45,Phase 1: RAM,1782945014415,2026-07-01
pika_gamy,45,Phase 1: RAM,1782945014419,2026-07-01
shadowladyex,45,Phase 1: RAM,1782945014426,2026-07-01
snoopys030,45,Phase 1: RAM,1782945014431,2026-07-01
ikaliayev,45,Phase 1: RAM,1782946286922,2026-07-01
dahhel,45,Phase 1: RAM,1782946286995,2026-07-01
snoopys030,45,Phase 1: RAM,1782946287001,2026-07-01
dahhel,65,Phase 2: HDD,1782946907952,2026-07-01
snoopys030,65,Phase 2: HDD,1782946907958,2026-07-01
avin_novor,65,Phase 2: HDD,1782946907965,2026-07-01
ikaliayev,65,Phase 2: HDD,1782946907971,2026-07-01
shadowladyex,65,Phase 2: HDD,1782946907977,2026-07-01
yurigiu,65,Phase 2: HDD,1782946907995,2026-07-01
silent_luc,65,Phase 2: HDD,1782946907998,2026-07-01
pika_gamy,65,Phase 2: HDD,1782946908004,2026-07-01
shadowladyex,45,Phase 1: RAM,1782948118523,2026-07-01
avin_novor,45,Phase 1: RAM,1782948118525,2026-07-01
silent_luc,45,Phase 1: RAM,1782948118529,2026-07-01
ikaliayev,45,Phase 1: RAM,1782948118531,2026-07-01
pika_gamy,45,Phase 1: RAM,1782948118534,2026-07-01
snoopys030,45,Phase 1: RAM,1782948118583,2026-07-01
silent_luc,45,Phase 1: CPU,1782949504375,2026-07-01
madagascaradam,45,Phase 1: CPU,1782949504386,2026-07-01
pika_gamy,45,Phase 1: CPU,1782949504400,2026-07-01
shadowladyex,45,Phase 1: CPU,1782949504407,2026-07-01
ikaliayev,45,Phase 1: CPU,1782949504411,2026-07-01
snoopys030,45,Phase 1: GPU,1782950975079,2026-07-02
silent_luc,45,Phase 1: GPU,1782950975090,2026-07-02
ikaliayev,45,Phase 1: GPU,1782950975104,2026-07-02
avin_novor,45,Phase 1: GPU,1782950975108,2026-07-02
pika_gamy,45,Phase 1: GPU,1782950975122,2026-07-02
dahhel,45,Phase 1: GPU,1782950975202,2026-07-02
avin_novor,65,Phase 2: HDD,1782951550813,2026-07-02
dahhel,65,Phase 2: HDD,1782951550834,2026-07-02
shadowladyex,65,Phase 2: HDD,1782951550844,2026-07-02
pika_gamy,65,Phase 2: HDD,1782951550847,2026-07-02
ikaliayev,65,Phase 2: HDD,1782951550853,2026-07-02
silent_luc,90,Phase 3: CPU,1782951991875,2026-07-02
ikaliayev,90,Phase 3: CPU,1782951991888,2026-07-02
shadowladyex,90,Phase 3: CPU,1782951991897,2026-07-02
snoopys030,90,Phase 3: CPU,1782951991903,2026-07-02
pika_gamy,90,Phase 3: CPU,1782951991905,2026-07-02
dahhel,90,Phase 3: CPU,1782951991908,2026-07-02
silent_luc,45,Phase 1: GPU,1782953245674,2026-07-02
shadowladyex,45,Phase 1: GPU,1782953245677,2026-07-02
pika_gamy,45,Phase 1: GPU,1782953245687,2026-07-02
ikaliayev,45,Phase 1: GPU,1782953245689,2026-07-02
thanossoul,45,Phase 1: GPU,1782953245692,2026-07-02
snoopys030,45,Phase 1: GPU,1782953245697,2026-07-02
dahhel,45,Phase 1: GPU,1782953245699,2026-07-02
ikaliayev,65,Phase 2: RAM,1782953742459,2026-07-02
dahhel,65,Phase 2: RAM,1782953742462,2026-07-02
shadowladyex,65,Phase 2: RAM,1782953742538,2026-07-02
silent_luc,65,Phase 2: RAM,1782953742566,2026-07-02
pika_gamy,90,Phase 3: CPU,1782954210485,2026-07-02
snoopys030,90,Phase 3: CPU,1782954210502,2026-07-02
dahhel,90,Phase 3: CPU,1782954210513,2026-07-02
ikaliayev,90,Phase 3: CPU,1782954210517,2026-07-02
shadowladyex,90,Phase 3: CPU,1782954210521,2026-07-02
louis_of_apshai,90,Phase 3: CPU,1782954210528,2026-07-02
ikaliayev,45,Phase 1: CPU,1782955427053,2026-07-02
silent_luc,45,Phase 1: CPU,1782955427061,2026-07-02
lovegamesandthings00000,45,Phase 1: CPU,1782955427065,2026-07-02
dahhel,45,Phase 1: CPU,1782955427073,2026-07-02
shadowladyex,45,Phase 1: CPU,1782955427079,2026-07-02
thanossoul,45,Phase 1: CPU,1782955427090,2026-07-02
slay_da_b,65,Phase 2: GPU,1782955965037,2026-07-02
silent_luc,65,Phase 2: GPU,1782955965051,2026-07-02
snoopys030,65,Phase 2: GPU,1782955965113,2026-07-02
ikaliayev,65,Phase 2: GPU,1782955965124,2026-07-02
shadowladyex,65,Phase 2: GPU,1782955965135,2026-07-02
dahhel,65,Phase 2: GPU,1782955965143,2026-07-02
snoopys030,90,Phase 3: RAM,1782956424996,2026-07-02
silent_luc,90,Phase 3: RAM,1782956425037,2026-07-02
dahhel,90,Phase 3: RAM,1782956425042,2026-07-02
shadowladyex,90,Phase 3: RAM,1782956425050,2026-07-02
avin_novor,90,Phase 3: RAM,1782956425052,2026-07-02
ikaliayev,90,Phase 3: RAM,1782956425071,2026-07-02
silent_luc,45,Phase 1: RAM,1782957623655,2026-07-02
dahhel,45,Phase 1: RAM,1782957623667,2026-07-02
thanossoul,45,Phase 1: RAM,1782957623673,2026-07-02
shadowladyex,45,Phase 1: RAM,1782957623688,2026-07-02
ikaliayev,45,Phase 1: RAM,1782957623694,2026-07-02
slay_da_b,45,Phase 1: RAM,1782957623700,2026-07-02
mori2323,45,Phase 1: CPU,1782959121030,2026-07-02
ikaliayev,45,Phase 1: CPU,1782959121051,2026-07-02
dahhel,45,Phase 1: CPU,1782959121063,2026-07-02
shadowladyex,45,Phase 1: CPU,1782959121069,2026-07-02
avin_novor,45,Phase 1: CPU,1782959121075,2026-07-02
snoopys030,45,Phase 1: CPU,1782959121082,2026-07-02
snoopys030,65,Phase 2: HDD,1782959541435,2026-07-02
dahhel,65,Phase 2: HDD,1782959541452,2026-07-02
ikaliayev,65,Phase 2: HDD,1782959541460,2026-07-02
mori2323,65,Phase 2: HDD,1782959541469,2026-07-02
avin_novor,45,Phase 1: RAM,1782960788727,2026-07-02
dahhel,45,Phase 1: RAM,1782960788739,2026-07-02
mori2323,45,Phase 1: RAM,1782960788749,2026-07-02
snoopys030,45,Phase 1: RAM,1782960788755,2026-07-02
shadowladyex,45,Phase 1: RAM,1782960788811,2026-07-02
ikaliayev,45,Phase 1: RAM,1782960788926,2026-07-02
dahhel,65,Phase 2: GPU,1782961320772,2026-07-02
ikaliayev,65,Phase 2: GPU,1782961320775,2026-07-02
shadowladyex,65,Phase 2: GPU,1782961320789,2026-07-02
mori2323,65,Phase 2: GPU,1782961320794,2026-07-02
snoopys030,65,Phase 2: GPU,1782961320848,2026-07-02
avin_novor,65,Phase 2: GPU,1782961320945,2026-07-02
dahhel,90,Phase 3: HDD,1782961876790,2026-07-02
shadowladyex,90,Phase 3: HDD,1782961876800,2026-07-02
ikaliayev,90,Phase 3: HDD,1782961876802,2026-07-02
avin_novor,90,Phase 3: HDD,1782961876812,2026-07-02
thanossoul,90,Phase 3: HDD,1782961876817,2026-07-02
mori2323,90,Phase 3: HDD,1782961876824,2026-07-02
snoopys030,90,Phase 3: HDD,1782961876827,2026-07-02
dahhel,45,Phase 1: RAM,1782963137369,2026-07-02
avin_novor,45,Phase 1: RAM,1782963137376,2026-07-02
lovegamesandthings00000,45,Phase 1: RAM,1782963137382,2026-07-02
shadowladyex,45,Phase 1: RAM,1782963137400,2026-07-02
snoopys030,45,Phase 1: RAM,1782963137411,2026-07-02
ikaliayev,45,Phase 1: RAM,1782963137446,2026-07-02
ikaliayev,65,Phase 2: GPU,1782963722446,2026-07-02
mori2323,65,Phase 2: GPU,1782963722456,2026-07-02
avin_novor,65,Phase 2: GPU,1782963722464,2026-07-02
shadowladyex,65,Phase 2: GPU,1782963722466,2026-07-02
snoopys030,65,Phase 2: GPU,1782963722468,2026-07-02
dahhel,65,Phase 2: GPU,1782963722481,2026-07-02
ikaliayev,90,Phase 3: HDD,1782964167410,2026-07-02
avin_novor,90,Phase 3: HDD,1782964167414,2026-07-02
shadowladyex,90,Phase 3: HDD,1782964167427,2026-07-02
dahhel,90,Phase 3: HDD,1782964167434,2026-07-02
xiaoxiao9313,90,Phase 3: HDD,1782964167437,2026-07-02
darkranx,45,Phase 1: RAM,1782965306069,2026-07-02
dahhel,45,Phase 1: RAM,1782965306076,2026-07-02
mori2323,45,Phase 1: RAM,1782965306080,2026-07-02
avin_novor,45,Phase 1: RAM,1782965306084,2026-07-02
ikaliayev,45,Phase 1: RAM,1782965306091,2026-07-02
alfims,65,Phase 2: GPU,1782965969947,2026-07-02
darkranx,65,Phase 2: GPU,1782965969950,2026-07-02
snoopys030,65,Phase 2: GPU,1782965969953,2026-07-02
ikaliayev,65,Phase 2: GPU,1782965969957,2026-07-02
shadowladyex,65,Phase 2: GPU,1782965969962,2026-07-02
mori2323,65,Phase 2: GPU,1782965969972,2026-07-02
dahhel,65,Phase 2: GPU,1782965969976,2026-07-02
alburldador,90,Phase 3: HDD,1782966695012,2026-07-02
ikaliayev,90,Phase 3: HDD,1782966695023,2026-07-02
avin_novor,90,Phase 3: HDD,1782966695038,2026-07-02
shadowladyex,90,Phase 3: HDD,1782966695044,2026-07-02
darkranx,90,Phase 3: HDD,1782966695050,2026-07-02
alfims,90,Phase 3: HDD,1782966695057,2026-07-02
dahhel,90,Phase 3: HDD,1782966695062,2026-07-02
mori2323,90,Phase 3: HDD,1782966695068,2026-07-02
llucholba,90,Phase 3: HDD,1782966695072,2026-07-02
lovegamesandthings00000,120,Phase 4: CPU,1782967218014,2026-07-02
ikaliayev,120,Phase 4: CPU,1782967218024,2026-07-02
dahhel,120,Phase 4: CPU,1782967218039,2026-07-02
avin_novor,120,Phase 4: CPU,1782967218064,2026-07-02
shadowladyex,120,Phase 4: CPU,1782967218078,2026-07-02
mori2323,120,Phase 4: CPU,1782967218081,2026-07-02
snoopys030,120,Phase 4: CPU,1782967218086,2026-07-02
alfims,120,Phase 4: CPU,1782967218088,2026-07-02
alburldador,120,Phase 4: CPU,1782967218091,2026-07-02
mori2323,166,proStar bonus: all 4 phases,1782967218696,2026-07-02
ikaliayev,166,proStar bonus: all 4 phases,1782967218705,2026-07-02
dahhel,166,proStar bonus: all 4 phases,1782967218712,2026-07-02
ikaliayev,45,Phase 1: RAM,1782968184579,2026-07-02
shadowladyex,45,Phase 1: RAM,1782968184601,2026-07-02
darkranx,45,Phase 1: RAM,1782968184606,2026-07-02
dahhel,45,Phase 1: RAM,1782968184612,2026-07-02
madagascaradam,45,Phase 1: RAM,1782968184627,2026-07-02
alburldador,45,Phase 1: RAM,1782968184631,2026-07-02
mori2323,45,Phase 1: RAM,1782968184634,2026-07-02
snoopys030,45,Phase 1: RAM,1782968184637,2026-07-02
ikaliayev,65,Phase 2: GPU,1782968834716,2026-07-02
mori2323,65,Phase 2: GPU,1782968834724,2026-07-02
darkranx,65,Phase 2: GPU,1782968834740,2026-07-02
snoopys030,65,Phase 2: GPU,1782968834750,2026-07-02
alburldador,65,Phase 2: GPU,1782968834753,2026-07-02
dahhel,65,Phase 2: GPU,1782968834770,2026-07-02
alfims,65,Phase 2: GPU,1782968834814,2026-07-02
shadowladyex,65,Phase 2: GPU,1782968834970,2026-07-02
shadowladyex,45,Phase 1: HDD,1782970389177,2026-07-02
mori2323,45,Phase 1: HDD,1782970389189,2026-07-02
darkranx,45,Phase 1: HDD,1782970389197,2026-07-02
alburldador,45,Phase 1: HDD,1782970389203,2026-07-02
ragnar175,45,Phase 1: HDD,1782970389210,2026-07-02
ikaliayev,45,Phase 1: HDD,1782970389216,2026-07-02
puphik,45,Phase 1: HDD,1782970389221,2026-07-02
alfims,45,Phase 1: HDD,1782970389227,2026-07-02
xiaoxiao9313,45,Phase 1: HDD,1782970389233,2026-07-02
pika_gamy,45,Phase 1: HDD,1782970389243,2026-07-02
snoopys030,45,Phase 1: HDD,1782970389246,2026-07-02
dahhel,45,Phase 1: HDD,1782970389252,2026-07-02
madagascaradam,45,Phase 1: HDD,1782970389277,2026-07-02
ikaliayev,65,Phase 2: RAM,1782971200217,2026-07-02
darkranx,65,Phase 2: RAM,1782971200224,2026-07-02
dahhel,65,Phase 2: RAM,1782971200228,2026-07-02
alburldador,65,Phase 2: RAM,1782971200235,2026-07-02
llucholba,65,Phase 2: RAM,1782971200240,2026-07-02
shadowladyex,65,Phase 2: RAM,1782971200244,2026-07-02
ragnar175,65,Phase 2: RAM,1782971200252,2026-07-02
pika_gamy,65,Phase 2: RAM,1782971200254,2026-07-02
snoopys030,65,Phase 2: RAM,1782971200259,2026-07-02
xiaoxiao9313,65,Phase 2: RAM,1782971200272,2026-07-02
shadowladyex,45,Phase 1: RAM,1782972468783,2026-07-02
pika_gamy,45,Phase 1: RAM,1782972468801,2026-07-02
xiaoxiao9313,45,Phase 1: RAM,1782972468808,2026-07-02
ragnar175,45,Phase 1: RAM,1782972468811,2026-07-02
snoopys030,45,Phase 1: RAM,1782972468821,2026-07-02
ikaliayev,45,Phase 1: RAM,1782972468824,2026-07-02
alburldador,45,Phase 1: RAM,1782972468832,2026-07-02
snoopys030,65,Phase 2: GPU,1782972942670,2026-07-02
shadowladyex,65,Phase 2: GPU,1782972942679,2026-07-02
ragnar175,65,Phase 2: GPU,1782972942681,2026-07-02
alburldador,65,Phase 2: GPU,1782972942693,2026-07-02
ikaliayev,65,Phase 2: GPU,1782972942710,2026-07-02
mori2323,65,Phase 2: GPU,1782972942718,2026-07-02
snoopys030,45,Phase 1: CPU,1782974173219,2026-07-02
ragnar175,45,Phase 1: CPU,1782974173233,2026-07-02
shadowladyex,45,Phase 1: CPU,1782974173253,2026-07-02
alburldador,45,Phase 1: CPU,1782974173260,2026-07-02
mori2323,45,Phase 1: CPU,1782974173271,2026-07-02
xiaoxiao9313,45,Phase 1: CPU,1782974173276,2026-07-02
ikaliayev,45,Phase 1: CPU,1782974173303,2026-07-02
snoopys030,65,Phase 2: GPU,1782974751125,2026-07-02
alburldador,65,Phase 2: GPU,1782974751133,2026-07-02
mori2323,65,Phase 2: GPU,1782974751147,2026-07-02
xiaoxiao9313,65,Phase 2: GPU,1782974751150,2026-07-02
shadowladyex,65,Phase 2: GPU,1782974751156,2026-07-02
alfims,65,Phase 2: GPU,1782974751163,2026-07-02
ikaliayev,65,Phase 2: GPU,1782974751222,2026-07-02
shadowladyex,45,Phase 1: RAM,1782975948801,2026-07-02
mori2323,45,Phase 1: RAM,1782975948808,2026-07-02
alfims,45,Phase 1: RAM,1782975948813,2026-07-02
alburldador,45,Phase 1: RAM,1782975948816,2026-07-02
xiaoxiao9313,45,Phase 1: RAM,1782975948822,2026-07-02
darkranx,45,Phase 1: RAM,1782975948845,2026-07-02
alburldador,65,Phase 2: GPU,1782976361722,2026-07-02
pika_gamy,65,Phase 2: GPU,1782976361733,2026-07-02
alexwifi42,65,Phase 2: GPU,1782976361737,2026-07-02
shadowladyex,65,Phase 2: GPU,1782976361746,2026-07-02
mori2323,65,Phase 2: GPU,1782976361747,2026-07-02
snoopys030,65,Phase 2: GPU,1782976361763,2026-07-02
mori2323,45,Phase 1: RAM,1782977438207,2026-07-02
shadowladyex,45,Phase 1: RAM,1782977438217,2026-07-02
alburldador,45,Phase 1: RAM,1782977438223,2026-07-02
pika_gamy,45,Phase 1: RAM,1782977438226,2026-07-02
pika_gamy,65,Phase 2: GPU,1782977858232,2026-07-02
alburldador,65,Phase 2: GPU,1782977858287,2026-07-02
snoopys030,65,Phase 2: GPU,1782977858293,2026-07-02
xiaoxiao9313,65,Phase 2: GPU,1782977858299,2026-07-02
alexwifi42,65,Phase 2: GPU,1782977858311,2026-07-02
mori2323,65,Phase 2: GPU,1782977858327,2026-07-02
xiaoxiao9313,45,Phase 1: GPU,1782979263030,2026-07-02
mori2323,45,Phase 1: GPU,1782979263034,2026-07-02
alburldador,45,Phase 1: GPU,1782979263037,2026-07-02
snoopys030,45,Phase 1: GPU,1782979263039,2026-07-02
whitepai,45,Phase 1: GPU,1782979263041,2026-07-02
slay_da_b,45,Phase 1: GPU,1782979263044,2026-07-02
shadowladyex,45,Phase 1: GPU,1782979263080,2026-07-02
alexwifi42,45,Phase 1: GPU,1782979263108,2026-07-02
whitepai,65,Phase 2: CPU,1782979668865,2026-07-02
xiaoxiao9313,65,Phase 2: CPU,1782979668871,2026-07-02
mori2323,65,Phase 2: CPU,1782979668873,2026-07-02
alburldador,65,Phase 2: CPU,1782979668902,2026-07-02
alburldador,90,Phase 3: RAM,1782980207797,2026-07-02
ivanpetrov32,90,Phase 3: RAM,1782980207801,2026-07-02
alfims,90,Phase 3: RAM,1782980207811,2026-07-02
shadowladyex,90,Phase 3: RAM,1782980207822,2026-07-02
xiaoxiao9313,90,Phase 3: RAM,1782980207825,2026-07-02
mori2323,90,Phase 3: RAM,1782980207829,2026-07-02
snoopys030,90,Phase 3: RAM,1782980207832,2026-07-02
valase,45,Phase 1: CPU,1782981501419,2026-07-02
mori2323,45,Phase 1: CPU,1782981501422,2026-07-02
snoopys030,45,Phase 1: CPU,1782981501424,2026-07-02
alexwifi42,45,Phase 1: CPU,1782981501481,2026-07-02
xiaoxiao9313,45,Phase 1: CPU,1782981501483,2026-07-02
shadowladyex,45,Phase 1: CPU,1782981501496,2026-07-02
alburldador,45,Phase 1: CPU,1782981501498,2026-07-02
yurigiu,65,Phase 2: RAM,1782982012370,2026-07-02
darkranx,65,Phase 2: RAM,1782982012376,2026-07-02
xiaoxiao9313,65,Phase 2: RAM,1782982012384,2026-07-02
alburldador,65,Phase 2: RAM,1782982012391,2026-07-02
snoopys030,65,Phase 2: RAM,1782982012415,2026-07-02
alburldador,45,Phase 1: RAM,1782983342911,2026-07-02
mori2323,45,Phase 1: RAM,1782983342915,2026-07-02
xiaoxiao9313,45,Phase 1: RAM,1782983342922,2026-07-02
snoopys030,45,Phase 1: RAM,1782983342926,2026-07-02
shadowladyex,45,Phase 1: RAM,1782983342932,2026-07-02
operacional_cae,45,Phase 1: RAM,1782983342937,2026-07-02
whitepai,45,Phase 1: RAM,1782983342963,2026-07-02
xiaoxiao9313,65,Phase 2: HDD,1782983947810,2026-07-02
alfims,65,Phase 2: HDD,1782983947820,2026-07-02
llucholba,65,Phase 2: HDD,1782983947824,2026-07-02
operacional_cae,65,Phase 2: HDD,1782983947834,2026-07-02
whitepai,65,Phase 2: HDD,1782983947852,2026-07-02
snoopys030,65,Phase 2: HDD,1782983947952,2026-07-02
alburldador,65,Phase 2: HDD,1782983947970,2026-07-02
mori2323,65,Phase 2: HDD,1782983947974,2026-07-02
pika_gamy,45,Phase 1: GPU,1782985349046,2026-07-02
alburldador,45,Phase 1: GPU,1782985349059,2026-07-02
puphik,45,Phase 1: GPU,1782985349070,2026-07-02
snoopys030,45,Phase 1: GPU,1782985349085,2026-07-02
slay_da_b,45,Phase 1: GPU,1782985349088,2026-07-02
mori2323,45,Phase 1: GPU,1782985349092,2026-07-02
alexwifi42,45,Phase 1: GPU,1782985349100,2026-07-02
darkranx,45,Phase 1: GPU,1782985349103,2026-07-02
xiaoxiao9313,45,Phase 1: GPU,1782985349106,2026-07-02
operacional_cae,45,Phase 1: GPU,1782985349163,2026-07-02
snoopys030,65,Phase 2: RAM,1782985822473,2026-07-02
mori2323,65,Phase 2: RAM,1782985822484,2026-07-02
whitepai,65,Phase 2: RAM,1782985822495,2026-07-02
alburldador,65,Phase 2: RAM,1782985822501,2026-07-02
shadowladyex,65,Phase 2: RAM,1782985822505,2026-07-02
yurigiu,65,Phase 2: RAM,1782985822508,2026-07-02
mori2323,45,Phase 1: CPU,1782987680666,2026-07-02
silent_luc,45,Phase 1: CPU,1782987680673,2026-07-02
snoopys030,45,Phase 1: CPU,1782987680680,2026-07-02
slay_da_b,45,Phase 1: CPU,1782987680682,2026-07-02
louis_of_apshai,45,Phase 1: CPU,1782987680685,2026-07-02
shadowladyex,45,Phase 1: CPU,1782987680724,2026-07-02
alburldador,45,Phase 1: CPU,1782987680733,2026-07-02
silent_luc,45,Phase 1: HDD,1782989229354,2026-07-02
mori2323,45,Phase 1: HDD,1782989229366,2026-07-02
pika_gamy,45,Phase 1: HDD,1782989229380,2026-07-02
snoopys030,45,Phase 1: HDD,1782989229383,2026-07-02
xiaoxiao9313,45,Phase 1: HDD,1782989229386,2026-07-02
alburldador,45,Phase 1: HDD,1782989229391,2026-07-02
slay_da_b,45,Phase 1: HDD,1782989229402,2026-07-02
alphonsoe,45,Phase 1: HDD,1782989229406,2026-07-02
shadowladyex,45,Phase 1: HDD,1782989229414,2026-07-02
slay_da_b,65,Phase 2: RAM,1782989679162,2026-07-02
shadowladyex,65,Phase 2: RAM,1782989679169,2026-07-02
whitepai,65,Phase 2: RAM,1782989679175,2026-07-02
alburldador,65,Phase 2: RAM,1782989679197,2026-07-02
xiaoxiao9313,65,Phase 2: RAM,1782989679215,2026-07-02
alphonsoe,65,Phase 2: RAM,1782989679238,2026-07-02
mori2323,65,Phase 2: RAM,1782989679241,2026-07-02
snoopys030,45,Phase 1: HDD,1782991032676,2026-07-02
xiaoxiao9313,45,Phase 1: HDD,1782991032688,2026-07-02
mori2323,45,Phase 1: HDD,1782991032697,2026-07-02
alphonsoe,45,Phase 1: HDD,1782991032699,2026-07-02
alburldador,45,Phase 1: HDD,1782991032768,2026-07-02
silent_luc,45,Phase 1: HDD,1782991032770,2026-07-02
avin_novor,45,Phase 1: HDD,1782991032774,2026-07-02
robin3one,45,Phase 1: HDD,1782991032775,2026-07-02
alphonsoe,65,Phase 2: RAM,1782991535702,2026-07-02
alburldador,65,Phase 2: RAM,1782991535705,2026-07-02
silent_luc,65,Phase 2: RAM,1782991535710,2026-07-02
snoopys030,65,Phase 2: RAM,1782991535715,2026-07-02
robin3one,65,Phase 2: RAM,1782991535787,2026-07-02
operacional_cae,65,Phase 2: RAM,1782991535827,2026-07-02
pika_gamy,45,Phase 1: RAM,1782992624367,2026-07-02
alburldador,45,Phase 1: RAM,1782992624383,2026-07-02
alphonsoe,45,Phase 1: RAM,1782992624385,2026-07-02
avin_novor,45,Phase 1: RAM,1782992624390,2026-07-02
snoopys030,45,Phase 1: RAM,1782992624399,2026-07-02
cerebralx1,65,Phase 2: CPU,1782993211511,2026-07-02
alphonsoe,65,Phase 2: CPU,1782993211521,2026-07-02
alburldador,65,Phase 2: CPU,1782993211526,2026-07-02
shadowladyex,65,Phase 2: CPU,1782993211540,2026-07-02
snoopys030,65,Phase 2: CPU,1782993211542,2026-07-02
ikaliayev,65,Phase 2: CPU,1782993211545,2026-07-02
louis_of_apshai,65,Phase 2: CPU,1782993211547,2026-07-02
alfims,65,Phase 2: CPU,1782993211550,2026-07-02
silent_luc,65,Phase 2: CPU,1782993211582,2026-07-02
alburldador,45,Phase 1: CPU,1782994407068,2026-07-02
pika_gamy,45,Phase 1: CPU,1782994407079,2026-07-02
alphonsoe,45,Phase 1: CPU,1782994407085,2026-07-02
ikaliayev,45,Phase 1: CPU,1782994407088,2026-07-02
silent_luc,45,Phase 1: CPU,1782994407097,2026-07-02
cerebralx1,45,Phase 1: CPU,1782994407099,2026-07-02
xiaoxiao9313,45,Phase 1: CPU,1782994407405,2026-07-02
xiaoxiao9313,45,Phase 1: HDD,1782996129837,2026-07-02
alphonsoe,45,Phase 1: HDD,1782996129854,2026-07-02
snoopys030,45,Phase 1: HDD,1782996129868,2026-07-02
cerebralx1,45,Phase 1: HDD,1782996129873,2026-07-02
alfims,45,Phase 1: HDD,1782996129879,2026-07-02
ikaliayev,45,Phase 1: HDD,1782996129887,2026-07-02
thanossoul,45,Phase 1: HDD,1782996129890,2026-07-02
alburldador,45,Phase 1: HDD,1782996129896,2026-07-02
shadowladyex,45,Phase 1: HDD,1782996129901,2026-07-02
naoka_ueno,45,Phase 1: HDD,1782996129916,2026-07-02
alexwifi42,45,Phase 1: HDD,1782996129948,2026-07-02
silent_luc,45,Phase 1: HDD,1782996129962,2026-07-02
thanossoul,65,Phase 2: CPU,1782996650749,2026-07-02
silent_luc,65,Phase 2: CPU,1782996650769,2026-07-02
snoopys030,65,Phase 2: CPU,1782996650784,2026-07-02
alburldador,65,Phase 2: CPU,1782996650787,2026-07-02
alphonsoe,65,Phase 2: CPU,1782996650789,2026-07-02
mori2323,65,Phase 2: CPU,1782996650793,2026-07-02
naoka_ueno,65,Phase 2: CPU,1782996650802,2026-07-02
ikaliayev,65,Phase 2: CPU,1782996650811,2026-07-02
shadowladyex,65,Phase 2: CPU,1782996650920,2026-07-02
ikaliayev,45,Phase 1: GPU,1782997658153,2026-07-02
silent_luc,45,Phase 1: GPU,1782997658162,2026-07-02
shadowladyex,45,Phase 1: GPU,1782997658173,2026-07-02
thanossoul,45,Phase 1: GPU,1782997658176,2026-07-02
naoka_ueno,45,Phase 1: GPU,1782997658184,2026-07-02
alburldador,65,Phase 2: HDD,1782998142330,2026-07-02
xiaoxiao9313,65,Phase 2: HDD,1782998142343,2026-07-02
snoopys030,65,Phase 2: HDD,1782998142347,2026-07-02
shadowladyex,65,Phase 2: HDD,1782998142350,2026-07-02
ikaliayev,65,Phase 2: HDD,1782998142358,2026-07-02
madagascaradam,65,Phase 2: HDD,1782998142365,2026-07-02
alphonsoe,65,Phase 2: HDD,1782998142372,2026-07-02
silent_luc,65,Phase 2: HDD,1782998142379,2026-07-02
alfims,45,Phase 1: HDD,1782999153723,2026-07-02
alphonsoe,45,Phase 1: HDD,1782999153733,2026-07-02
ikaliayev,45,Phase 1: HDD,1782999153740,2026-07-02
alexwifi42,45,Phase 1: HDD,1782999153757,2026-07-02
thanossoul,65,Phase 2: RAM,1782999556644,2026-07-02
alburldador,65,Phase 2: RAM,1782999556651,2026-07-02
silent_luc,65,Phase 2: RAM,1782999556662,2026-07-02
xiaoxiao9313,65,Phase 2: RAM,1782999556664,2026-07-02
alexwifi42,65,Phase 2: RAM,1782999556666,2026-07-02
alphonsoe,65,Phase 2: RAM,1782999556672,2026-07-02
silent_luc,45,Phase 1: CPU,1783000746303,2026-07-02
shadowladyex,45,Phase 1: CPU,1783000746306,2026-07-02
thanossoul,45,Phase 1: CPU,1783000746311,2026-07-02
alburldador,45,Phase 1: CPU,1783000746376,2026-07-02
xiaoxiao9313,45,Phase 1: CPU,1783000746379,2026-07-02
alphonsoe,45,Phase 1: CPU,1783000746401,2026-07-02
snoopys030,65,Phase 2: GPU,1783001339235,2026-07-02
shadowladyex,65,Phase 2: GPU,1783001339240,2026-07-02
avin_novor,65,Phase 2: GPU,1783001339248,2026-07-02
silent_luc,65,Phase 2: GPU,1783001339267,2026-07-02
alfims,65,Phase 2: GPU,1783001339276,2026-07-02
alphonsoe,65,Phase 2: GPU,1783001339279,2026-07-02
thanossoul,65,Phase 2: GPU,1783001339343,2026-07-02
ikaliayev,65,Phase 2: GPU,1783001339365,2026-07-02
alburldador,65,Phase 2: GPU,1783001339432,2026-07-02
alphonsoe,45,Phase 1: RAM,1783002514909,2026-07-02
silent_luc,45,Phase 1: RAM,1783002514911,2026-07-02
ikaliayev,45,Phase 1: RAM,1783002514932,2026-07-02
alburldador,45,Phase 1: RAM,1783002514935,2026-07-02
operacional_cae,45,Phase 1: RAM,1783002515488,2026-07-02
alexwifi42,45,Phase 1: RAM,1783003855488,2026-07-02
shadowladyex,45,Phase 1: RAM,1783003855494,2026-07-02
silent_luc,45,Phase 1: RAM,1783003855514,2026-07-02
alburldador,45,Phase 1: RAM,1783003855522,2026-07-02
alphonsoe,45,Phase 1: RAM,1783005475896,2026-07-02
yurigiu,45,Phase 1: RAM,1783005475909,2026-07-02
shadowladyex,45,Phase 1: RAM,1783005475928,2026-07-02
dahhel,45,Phase 1: RAM,1783005475931,2026-07-02
silent_luc,45,Phase 1: RAM,1783005475934,2026-07-02
avin_novor,45,Phase 1: RAM,1783005475937,2026-07-02
alfims,45,Phase 1: RAM,1783005475941,2026-07-02
alburldador,45,Phase 1: RAM,1783005475952,2026-07-02
ikaliayev,45,Phase 1: RAM,1783005475955,2026-07-02
xiaoxiao9313,45,Phase 1: RAM,1783005475958,2026-07-02
silent_luc,65,Phase 2: CPU,1783005977147,2026-07-02
lovegamesandthings00000,65,Phase 2: CPU,1783005977153,2026-07-02
alfims,65,Phase 2: CPU,1783005977158,2026-07-02
shadowladyex,65,Phase 2: CPU,1783005977164,2026-07-02
dahhel,65,Phase 2: CPU,1783005977169,2026-07-02
alburldador,65,Phase 2: CPU,1783005977192,2026-07-02
avin_novor,65,Phase 2: CPU,1783005977271,2026-07-02
alphonsoe,45,Phase 1: CPU,1783007305996,2026-07-02
alburldador,45,Phase 1: CPU,1783007305999,2026-07-02
shadowladyex,45,Phase 1: CPU,1783007306004,2026-07-02
avin_novor,45,Phase 1: CPU,1783007306009,2026-07-02
alexwifi42,45,Phase 1: CPU,1783007306012,2026-07-02
silent_luc,45,Phase 1: CPU,1783007306031,2026-07-02
xiaoxiao9313,45,Phase 1: CPU,1783007306053,2026-07-02
dahhel,45,Phase 1: CPU,1783007306056,2026-07-02
alfims,45,Phase 1: CPU,1783007306130,2026-07-02
alburldador,45,Phase 1: RAM,1783008780631,2026-07-02
ikaliayev,45,Phase 1: RAM,1783008780649,2026-07-02
cerebralx1,45,Phase 1: RAM,1783008780652,2026-07-02
xiaoxiao9313,45,Phase 1: RAM,1783008780658,2026-07-02
thanossoul,45,Phase 1: RAM,1783008780662,2026-07-02
dahhel,45,Phase 1: RAM,1783008780669,2026-07-02
silent_luc,45,Phase 1: RAM,1783008781618,2026-07-02
thanossoul,45,Phase 1: CPU,1783010073985,2026-07-02
ikaliayev,45,Phase 1: CPU,1783010073991,2026-07-02
alburldador,45,Phase 1: CPU,1783010074004,2026-07-02
dahhel,45,Phase 1: CPU,1783010074007,2026-07-02
silent_luc,45,Phase 1: CPU,1783010074018,2026-07-02
cerebralx1,45,Phase 1: GPU,1783011491360,2026-07-02
ikaliayev,45,Phase 1: GPU,1783011491363,2026-07-02
dahhel,45,Phase 1: GPU,1783011491367,2026-07-02
silent_luc,45,Phase 1: GPU,1783011491422,2026-07-02
xiaoxiao9313,45,Phase 1: GPU,1783011491478,2026-07-02
madagascaradam,65,Phase 2: RAM,1783011935447,2026-07-02
avin_novor,65,Phase 2: RAM,1783011935450,2026-07-02
alburldador,65,Phase 2: RAM,1783011935452,2026-07-02
alfims,65,Phase 2: RAM,1783011935462,2026-07-02
cerebralx1,65,Phase 2: RAM,1783011935469,2026-07-02
dahhel,65,Phase 2: RAM,1783011935481,2026-07-02
thanossoul,45,Phase 1: GPU,1783012962100,2026-07-02
dahhel,45,Phase 1: GPU,1783012962113,2026-07-02
avin_novor,45,Phase 1: GPU,1783012962118,2026-07-02
silent_luc,45,Phase 1: GPU,1783012962249,2026-07-02
dahhel,65,Phase 2: RAM,1783013494039,2026-07-02
silent_luc,65,Phase 2: RAM,1783013494055,2026-07-02
alburldador,65,Phase 2: RAM,1783013494065,2026-07-02
alfims,65,Phase 2: RAM,1783013494067,2026-07-02
ikaliayev,65,Phase 2: RAM,1783013494072,2026-07-02
cerebralx1,65,Phase 2: RAM,1783013494146,2026-07-02
ikaliayev,45,Phase 1: CPU,1783014578493,2026-07-02
alburldador,45,Phase 1: CPU,1783014578501,2026-07-02
dahhel,45,Phase 1: CPU,1783014578504,2026-07-02
avin_novor,45,Phase 1: CPU,1783014578506,2026-07-02
cerebralx1,45,Phase 1: CPU,1783014578512,2026-07-02
dahhel,45,Phase 1: CPU,1783016553681,2026-07-02
ikaliayev,45,Phase 1: CPU,1783016553683,2026-07-02
avin_novor,45,Phase 1: CPU,1783016553689,2026-07-02
alfims,45,Phase 1: CPU,1783016553694,2026-07-02
xiaoxiao9313,45,Phase 1: CPU,1783016553696,2026-07-02
avin_novor,45,Phase 1: RAM,1783018693974,2026-07-02
silent_luc,45,Phase 1: RAM,1783018693979,2026-07-02
alfims,45,Phase 1: RAM,1783018693982,2026-07-02
ikaliayev,45,Phase 1: RAM,1783018693989,2026-07-02
aspio9,45,Phase 1: RAM,1783018694004,2026-07-02
robin3one,45,Phase 1: RAM,1783018694032,2026-07-02
silent_luc,65,Phase 2: CPU,1783019173930,2026-07-02
alexwifi42,65,Phase 2: CPU,1783019173933,2026-07-02
cerebralx1,65,Phase 2: CPU,1783019173937,2026-07-02
pika_gamy,65,Phase 2: CPU,1783019173943,2026-07-02
ikaliayev,65,Phase 2: CPU,1783019173963,2026-07-02
silent_luc,45,Phase 1: GPU,1783020240382,2026-07-02
aspio9,45,Phase 1: GPU,1783020240415,2026-07-02
cerebralx1,45,Phase 1: GPU,1783020240418,2026-07-02
ikaliayev,45,Phase 1: GPU,1783020240424,2026-07-02
puphik,45,Phase 1: GPU,1783021845977,2026-07-02
dahhel,45,Phase 1: GPU,1783021845993,2026-07-02
alfims,45,Phase 1: GPU,1783021846017,2026-07-02
silent_luc,45,Phase 1: GPU,1783021846020,2026-07-02
ikaliayev,45,Phase 1: GPU,1783021846024,2026-07-02
pika_gamy,45,Phase 1: GPU,1783021846031,2026-07-02
cerebralx1,45,Phase 1: GPU,1783021846034,2026-07-02
valase,45,Phase 1: GPU,1783021846040,2026-07-02
avin_novor,45,Phase 1: GPU,1783021846052,2026-07-02
cerebralx1,45,Phase 1: HDD,1783023330104,2026-07-02
valase,45,Phase 1: HDD,1783023330130,2026-07-02
ikaliayev,45,Phase 1: HDD,1783023330134,2026-07-02
dahhel,45,Phase 1: HDD,1783023330145,2026-07-02
silent_luc,45,Phase 1: HDD,1783023330149,2026-07-02
pika_gamy,45,Phase 1: HDD,1783023330153,2026-07-02
madagascaradam,45,Phase 1: HDD,1783023330262,2026-07-02
ragnar175,65,Phase 2: RAM,1783023963611,2026-07-02
pika_gamy,65,Phase 2: RAM,1783023963618,2026-07-02
silent_luc,65,Phase 2: RAM,1783023963623,2026-07-02
ikaliayev,65,Phase 2: RAM,1783023963633,2026-07-02
avin_novor,65,Phase 2: RAM,1783023963637,2026-07-02
cerebralx1,65,Phase 2: RAM,1783023963643,2026-07-02
valase,65,Phase 2: RAM,1783023963650,2026-07-02
operacional_cae,65,Phase 2: RAM,1783023963655,2026-07-02
dahhel,65,Phase 2: RAM,1783023963658,2026-07-02
operacional_cae,45,Phase 1: RAM,1783025065105,2026-07-02
silent_luc,45,Phase 1: RAM,1783025065109,2026-07-02
ragnar175,45,Phase 1: RAM,1783025065113,2026-07-02
ikaliayev,45,Phase 1: RAM,1783025065127,2026-07-02
dahhel,45,Phase 1: RAM,1783025065140,2026-07-02
ikaliayev,45,Phase 1: CPU,1783026511839,2026-07-02
madagascaradam,45,Phase 1: CPU,1783026511863,2026-07-02
ragnar175,45,Phase 1: CPU,1783026511866,2026-07-02
silent_luc,45,Phase 1: CPU,1783026511869,2026-07-02
pika_gamy,45,Phase 1: CPU,1783026511878,2026-07-02
valase,45,Phase 1: CPU,1783026511883,2026-07-02
dahhel,45,Phase 1: CPU,1783026511903,2026-07-02
valase,65,Phase 2: RAM,1783027043870,2026-07-02
ikaliayev,65,Phase 2: RAM,1783027043888,2026-07-02
dahhel,65,Phase 2: RAM,1783027043894,2026-07-02
madagascaradam,65,Phase 2: RAM,1783027043904,2026-07-02
silent_luc,65,Phase 2: RAM,1783027043908,2026-07-02
alfims,65,Phase 2: RAM,1783027043910,2026-07-02
thanossoul,65,Phase 2: RAM,1783027043914,2026-07-02
ikaliayev,45,Phase 1: HDD,1783028171660,2026-07-02
pika_gamy,45,Phase 1: HDD,1783028171664,2026-07-02
dahhel,45,Phase 1: HDD,1783028171671,2026-07-02
lovegamesandthings00000,45,Phase 1: HDD,1783028171687,2026-07-02
valase,45,Phase 1: HDD,1783028171703,2026-07-02
silent_luc,45,Phase 1: HDD,1783028171812,2026-07-02
madagascaradam,45,Phase 1: RAM,1783029693753,2026-07-02
valase,45,Phase 1: RAM,1783029693765,2026-07-02
pika_gamy,45,Phase 1: RAM,1783029693770,2026-07-02
alburldador,45,Phase 1: RAM,1783029693777,2026-07-02
dahhel,45,Phase 1: RAM,1783029693789,2026-07-02
silent_luc,45,Phase 1: RAM,1783029693792,2026-07-02
avin_novor,45,Phase 1: RAM,1783029693794,2026-07-02
ikaliayev,45,Phase 1: RAM,1783029693797,2026-07-02
valase,65,Phase 2: GPU,1783030112482,2026-07-02
ikaliayev,65,Phase 2: GPU,1783030112490,2026-07-02
pika_gamy,65,Phase 2: GPU,1783030112507,2026-07-02
alburldador,65,Phase 2: GPU,1783030112519,2026-07-02
dahhel,65,Phase 2: GPU,1783030112548,2026-07-02
valase,45,Phase 1: RAM,1783031370999,2026-07-02
alburldador,45,Phase 1: RAM,1783031371008,2026-07-02
dahhel,45,Phase 1: RAM,1783031371013,2026-07-02
madagascaradam,45,Phase 1: RAM,1783031371023,2026-07-02
ikaliayev,45,Phase 1: RAM,1783031371038,2026-07-02
silent_luc,45,Phase 1: RAM,1783031371073,2026-07-02
alburldador,65,Phase 2: GPU,1783031974986,2026-07-02
silent_luc,65,Phase 2: GPU,1783031974989,2026-07-02
pika_gamy,65,Phase 2: GPU,1783031974994,2026-07-02
dahhel,65,Phase 2: GPU,1783031975029,2026-07-02
valase,65,Phase 2: GPU,1783031975034,2026-07-02
ikaliayev,65,Phase 2: GPU,1783031975047,2026-07-02
snoopys030,45,Phase 1: CPU,1783033279582,2026-07-02
valase,45,Phase 1: CPU,1783033279595,2026-07-02
dahhel,45,Phase 1: CPU,1783033279602,2026-07-02
ikaliayev,45,Phase 1: CPU,1783033279604,2026-07-02
silent_luc,45,Phase 1: CPU,1783033279611,2026-07-02
pika_gamy,45,Phase 1: CPU,1783033279614,2026-07-02
madagascaradam,45,Phase 1: CPU,1783033279619,2026-07-02
shadowladyex,45,Phase 1: CPU,1783033279630,2026-07-02
ikaliayev,65,Phase 2: HDD,1783033892544,2026-07-02
pika_gamy,65,Phase 2: HDD,1783033892553,2026-07-02
silent_luc,65,Phase 2: HDD,1783033892558,2026-07-02
dahhel,65,Phase 2: HDD,1783033892562,2026-07-02
valase,65,Phase 2: HDD,1783033892578,2026-07-02
shadowladyex,65,Phase 2: HDD,1783033892733,2026-07-02
silent_luc,90,Phase 3: GPU,1783034458474,2026-07-02
valase,90,Phase 3: GPU,1783034458476,2026-07-02
pika_gamy,90,Phase 3: GPU,1783034458483,2026-07-02
shadowladyex,90,Phase 3: GPU,1783034458492,2026-07-02
dahhel,90,Phase 3: GPU,1783034458498,2026-07-02
ikaliayev,90,Phase 3: GPU,1783034458503,2026-07-02
snoopys030,120,Phase 4: RAM,1783035000630,2026-07-02
dahhel,120,Phase 4: RAM,1783035000634,2026-07-02
ikaliayev,120,Phase 4: RAM,1783035000639,2026-07-02
silent_luc,120,Phase 4: RAM,1783035000647,2026-07-02
shadowladyex,120,Phase 4: RAM,1783035000658,2026-07-02
valase,120,Phase 4: RAM,1783035000675,2026-07-02
pika_gamy,120,Phase 4: RAM,1783035000679,2026-07-02
dahhel,83,proStar bonus: all 4 phases,1783035001218,2026-07-02
ikaliayev,83,proStar bonus: all 4 phases,1783035001227,2026-07-02
silent_luc,83,proStar bonus: all 4 phases,1783035001230,2026-07-02
shadowladyex,83,proStar bonus: all 4 phases,1783035001242,2026-07-02
pika_gamy,83,proStar bonus: all 4 phases,1783035001245,2026-07-02
valase,83,proStar bonus: all 4 phases,1783035001250,2026-07-02
madagascaradam,45,Phase 1: CPU,1783036027047,2026-07-02
dahhel,45,Phase 1: CPU,1783036027075,2026-07-02
pika_gamy,45,Phase 1: CPU,1783036027089,2026-07-02
avin_novor,45,Phase 1: CPU,1783036027093,2026-07-02
silent_luc,45,Phase 1: CPU,1783036027096,2026-07-02
snoopys030,45,Phase 1: CPU,1783036027104,2026-07-02
shadowladyex,45,Phase 1: CPU,1783036027107,2026-07-02
valase,45,Phase 1: CPU,1783036027110,2026-07-02
ikaliayev,45,Phase 1: CPU,1783036027114,2026-07-02
shadowladyex,65,Phase 2: GPU,1783036802332,2026-07-03
valase,65,Phase 2: GPU,1783036802344,2026-07-03
snoopys030,65,Phase 2: GPU,1783036802366,2026-07-03
madagascaradam,65,Phase 2: GPU,1783036802370,2026-07-03
silent_luc,65,Phase 2: GPU,1783036802387,2026-07-03
avin_novor,65,Phase 2: GPU,1783036802394,2026-07-03
dahhel,65,Phase 2: GPU,1783036802406,2026-07-03
ikaliayev,65,Phase 2: GPU,1783036802409,2026-07-03
louis_of_apshai,65,Phase 2: GPU,1783036802416,2026-07-03
pika_gamy,65,Phase 2: GPU,1783036802862,2026-07-03
dahhel,90,Phase 3: RAM,1783037323247,2026-07-03
pika_gamy,90,Phase 3: RAM,1783037323272,2026-07-03
silent_luc,90,Phase 3: RAM,1783037323280,2026-07-03
shadowladyex,90,Phase 3: RAM,1783037323284,2026-07-03
avin_novor,90,Phase 3: RAM,1783037323334,2026-07-03
valase,90,Phase 3: RAM,1783037323360,2026-07-03
ikaliayev,90,Phase 3: RAM,1783037323430,2026-07-03
silent_luc,120,Phase 4: HDD,1783037787446,2026-07-03
valase,120,Phase 4: HDD,1783037787456,2026-07-03
ikaliayev,120,Phase 4: HDD,1783037787465,2026-07-03
snoopys030,120,Phase 4: HDD,1783037787467,2026-07-03
louis_of_apshai,120,Phase 4: HDD,1783037787475,2026-07-03
dahhel,120,Phase 4: HDD,1783037787530,2026-07-03
pika_gamy,120,Phase 4: HDD,1783037787552,2026-07-03
shadowladyex,120,Phase 4: HDD,1783037787560,2026-07-03
shadowladyex,83,proStar bonus: all 4 phases,1783037788069,2026-07-03
silent_luc,83,proStar bonus: all 4 phases,1783037788076,2026-07-03
ikaliayev,83,proStar bonus: all 4 phases,1783037788092,2026-07-03
pika_gamy,83,proStar bonus: all 4 phases,1783037788099,2026-07-03
valase,83,proStar bonus: all 4 phases,1783037788103,2026-07-03
dahhel,83,proStar bonus: all 4 phases,1783037788106,2026-07-03
silent_luc,45,Phase 1: CPU,1783038812670,2026-07-03
shadowladyex,45,Phase 1: CPU,1783038812686,2026-07-03
valase,45,Phase 1: CPU,1783038812692,2026-07-03
ikaliayev,45,Phase 1: CPU,1783038812700,2026-07-03
snoopys030,45,Phase 1: CPU,1783038812703,2026-07-03
madagascaradam,45,Phase 1: CPU,1783038812716,2026-07-03
dahhel,45,Phase 1: CPU,1783038812721,2026-07-03
avin_novor,45,Phase 1: CPU,1783038812726,2026-07-03
thanossoul,45,Phase 1: CPU,1783038812743,2026-07-03
thanossoul,65,Phase 2: RAM,1783039505445,2026-07-03
ikaliayev,65,Phase 2: RAM,1783039505454,2026-07-03
avin_novor,65,Phase 2: RAM,1783039505462,2026-07-03
valase,65,Phase 2: RAM,1783039505464,2026-07-03
silent_luc,65,Phase 2: RAM,1783039505480,2026-07-03
snoopys030,65,Phase 2: RAM,1783039505485,2026-07-03
dahhel,65,Phase 2: RAM,1783039505499,2026-07-03
shadowladyex,65,Phase 2: RAM,1783039505580,2026-07-03
silent_luc,90,Phase 3: GPU,1783040007484,2026-07-03
dahhel,90,Phase 3: GPU,1783040007492,2026-07-03
shadowladyex,90,Phase 3: GPU,1783040007495,2026-07-03
snoopys030,90,Phase 3: GPU,1783040007505,2026-07-03
valase,90,Phase 3: GPU,1783040007508,2026-07-03
ikaliayev,90,Phase 3: GPU,1783040007512,2026-07-03
silent_luc,45,Phase 1: HDD,1783041275245,2026-07-03
valase,45,Phase 1: HDD,1783041275249,2026-07-03
shadowladyex,45,Phase 1: HDD,1783041275256,2026-07-03
dahhel,45,Phase 1: HDD,1783041275265,2026-07-03
snoopys030,45,Phase 1: HDD,1783041275274,2026-07-03
ikaliayev,45,Phase 1: HDD,1783041275279,2026-07-03
shadowladyex,65,Phase 2: CPU,1783041743071,2026-07-03
snoopys030,65,Phase 2: CPU,1783041743086,2026-07-03
dahhel,65,Phase 2: CPU,1783041743100,2026-07-03
valase,65,Phase 2: CPU,1783041743103,2026-07-03
silent_luc,65,Phase 2: CPU,1783041743109,2026-07-03
thanossoul,65,Phase 2: CPU,1783041743113,2026-07-03
snoopys030,45,Phase 1: HDD,1783042980860,2026-07-03
shadowladyex,45,Phase 1: HDD,1783042980870,2026-07-03
ikaliayev,45,Phase 1: HDD,1783042980872,2026-07-03
valase,45,Phase 1: HDD,1783042980879,2026-07-03
dahhel,45,Phase 1: HDD,1783042980953,2026-07-03
silent_luc,45,Phase 1: HDD,1783042980958,2026-07-03
ikaliayev,45,Phase 1: HDD,1783044552678,2026-07-03
thanossoul,45,Phase 1: HDD,1783044552706,2026-07-03
snoopys030,45,Phase 1: HDD,1783044552711,2026-07-03
shadowladyex,45,Phase 1: HDD,1783044552714,2026-07-03
silent_luc,45,Phase 1: HDD,1783044552770,2026-07-03
dahhel,45,Phase 1: HDD,1783044552785,2026-07-03
valase,45,Phase 1: HDD,1783044552793,2026-07-03
valase,65,Phase 2: CPU,1783045023288,2026-07-03
dahhel,65,Phase 2: CPU,1783045023293,2026-07-03
snoopys030,65,Phase 2: CPU,1783045023298,2026-07-03
ikaliayev,65,Phase 2: CPU,1783045023317,2026-07-03
shadowladyex,65,Phase 2: CPU,1783045023337,2026-07-03
snoopys030,45,Phase 1: GPU,1783046349914,2026-07-03
valase,45,Phase 1: GPU,1783046349923,2026-07-03
dahhel,45,Phase 1: GPU,1783046349929,2026-07-03
shadowladyex,45,Phase 1: GPU,1783046349935,2026-07-03
ikaliayev,45,Phase 1: GPU,1783046349939,2026-07-03
avin_novor,45,Phase 1: GPU,1783046349986,2026-07-03
silent_luc,45,Phase 1: GPU,1783046350006,2026-07-03
dahhel,65,Phase 2: HDD,1783046809952,2026-07-03
thanossoul,65,Phase 2: HDD,1783046810012,2026-07-03
valase,65,Phase 2: HDD,1783046810024,2026-07-03
shadowladyex,65,Phase 2: HDD,1783046810027,2026-07-03
ikaliayev,65,Phase 2: HDD,1783046810034,2026-07-03
shadowladyex,90,Phase 3: RAM,1783047319924,2026-07-03
valase,90,Phase 3: RAM,1783047320152,2026-07-03
ikaliayev,90,Phase 3: RAM,1783047320605,2026-07-03
dahhel,90,Phase 3: RAM,1783047320946,2026-07-03
avin_novor,90,Phase 3: RAM,1783047321381,2026-07-03
valase,45,Phase 1: CPU,1783048566371,2026-07-03
ikaliayev,45,Phase 1: CPU,1783048566378,2026-07-03
shadowladyex,45,Phase 1: CPU,1783048566393,2026-07-03
dahhel,45,Phase 1: CPU,1783048566399,2026-07-03
snoopys030,45,Phase 1: CPU,1783048566493,2026-07-03
avin_novor,45,Phase 1: CPU,1783048566545,2026-07-03
avin_novor,65,Phase 2: GPU,1783049288343,2026-07-03
shadowladyex,65,Phase 2: GPU,1783049288348,2026-07-03
pika_gamy,65,Phase 2: GPU,1783049288356,2026-07-03
snoopys030,65,Phase 2: GPU,1783049288369,2026-07-03
dahhel,65,Phase 2: GPU,1783049288434,2026-07-03
ikaliayev,65,Phase 2: GPU,1783049288436,2026-07-03
thanossoul,65,Phase 2: GPU,1783049288446,2026-07-03
valase,65,Phase 2: GPU,1783049288451,2026-07-03
pika_gamy,90,Phase 3: RAM,1783049755348,2026-07-03
dahhel,90,Phase 3: RAM,1783049755356,2026-07-03
shadowladyex,90,Phase 3: RAM,1783049755362,2026-07-03
valase,90,Phase 3: RAM,1783049755367,2026-07-03
ikaliayev,90,Phase 3: RAM,1783049755370,2026-07-03
avin_novor,90,Phase 3: RAM,1783049755376,2026-07-03
snoopys030,120,Phase 4: HDD,1783050278456,2026-07-03
shadowladyex,120,Phase 4: HDD,1783050278458,2026-07-03
pika_gamy,120,Phase 4: HDD,1783050278465,2026-07-03
ikaliayev,120,Phase 4: HDD,1783050278475,2026-07-03
avin_novor,120,Phase 4: HDD,1783050278482,2026-07-03
valase,120,Phase 4: HDD,1783050278484,2026-07-03
dahhel,120,Phase 4: HDD,1783050278486,2026-07-03
shadowladyex,100,proStar bonus: all 4 phases,1783050279143,2026-07-03
ikaliayev,100,proStar bonus: all 4 phases,1783050279147,2026-07-03
avin_novor,100,proStar bonus: all 4 phases,1783050279148,2026-07-03
dahhel,100,proStar bonus: all 4 phases,1783050279150,2026-07-03
valase,100,proStar bonus: all 4 phases,1783050279152,2026-07-03
valase,45,Phase 1: CPU,1783051245887,2026-07-03
avin_novor,45,Phase 1: CPU,1783051245910,2026-07-03
alfims,45,Phase 1: CPU,1783051245913,2026-07-03
shadowladyex,45,Phase 1: CPU,1783051245917,2026-07-03
ikaliayev,45,Phase 1: CPU,1783051245928,2026-07-03
darkranx,45,Phase 1: CPU,1783051245932,2026-07-03
snoopys030,45,Phase 1: CPU,1783051245940,2026-07-03
dahhel,45,Phase 1: CPU,1783051245943,2026-07-03
snoopys030,65,Phase 2: RAM,1783051765683,2026-07-03
shadowladyex,65,Phase 2: RAM,1783051765702,2026-07-03
slay_da_b,65,Phase 2: RAM,1783051765705,2026-07-03
alfims,65,Phase 2: RAM,1783051765719,2026-07-03
dahhel,65,Phase 2: RAM,1783051765723,2026-07-03
ikaliayev,90,Phase 3: GPU,1783052241194,2026-07-03
dahhel,90,Phase 3: GPU,1783052241202,2026-07-03
avin_novor,90,Phase 3: GPU,1783052241208,2026-07-03
darkranx,90,Phase 3: GPU,1783052241256,2026-07-03
snoopys030,90,Phase 3: GPU,1783052241870,2026-07-03
avin_novor,45,Phase 1: RAM,1783053633899,2026-07-03
ikaliayev,45,Phase 1: RAM,1783053633903,2026-07-03
madagascaradam,45,Phase 1: RAM,1783053633911,2026-07-03
darkranx,45,Phase 1: RAM,1783053633914,2026-07-03
snoopys030,45,Phase 1: RAM,1783053633919,2026-07-03
mori2323,45,Phase 1: RAM,1783053633946,2026-07-03
dahhel,45,Phase 1: RAM,1783053633953,2026-07-03
shadowladyex,45,Phase 1: RAM,1783053633955,2026-07-03
dahhel,65,Phase 2: CPU,1783054114895,2026-07-03
shadowladyex,65,Phase 2: CPU,1783054114898,2026-07-03
ikaliayev,65,Phase 2: CPU,1783054114907,2026-07-03
avin_novor,65,Phase 2: CPU,1783054114915,2026-07-03
mori2323,90,Phase 3: HDD,1783054598798,2026-07-03
madagascaradam,90,Phase 3: HDD,1783054598811,2026-07-03
dahhel,90,Phase 3: HDD,1783054598820,2026-07-03
ikaliayev,90,Phase 3: HDD,1783054598823,2026-07-03
avin_novor,90,Phase 3: HDD,1783054598827,2026-07-03
shadowladyex,90,Phase 3: HDD,1783054598832,2026-07-03
mori2323,45,Phase 1: RAM,1783056218266,2026-07-03
shadowladyex,45,Phase 1: RAM,1783056218280,2026-07-03
alburldador,45,Phase 1: RAM,1783056218290,2026-07-03
darkranx,45,Phase 1: RAM,1783056218303,2026-07-03
avin_novor,45,Phase 1: RAM,1783056218308,2026-07-03
xiaoxiao9313,45,Phase 1: RAM,1783056218311,2026-07-03
ivanpetrov32,45,Phase 1: RAM,1783056218313,2026-07-03
alfims,45,Phase 1: RAM,1783056218321,2026-07-03
snoopys030,45,Phase 1: RAM,1783056218326,2026-07-03
llucholba,45,Phase 1: RAM,1783056218329,2026-07-03
ikaliayev,45,Phase 1: RAM,1783056218334,2026-07-03
madagascaradam,45,Phase 1: RAM,1783056218338,2026-07-03
shadowladyex,65,Phase 2: CPU,1783056670286,2026-07-03
alburldador,65,Phase 2: CPU,1783056670308,2026-07-03
mori2323,65,Phase 2: CPU,1783056670316,2026-07-03
pika_gamy,65,Phase 2: CPU,1783056670390,2026-07-03
avin_novor,65,Phase 2: CPU,1783056670403,2026-07-03
alfims,45,Phase 1: GPU,1783058028006,2026-07-03
mori2323,45,Phase 1: GPU,1783058028017,2026-07-03
xiaoxiao9313,45,Phase 1: GPU,1783058028034,2026-07-03
alburldador,45,Phase 1: GPU,1783058028040,2026-07-03
darkranx,45,Phase 1: GPU,1783058028047,2026-07-03
pika_gamy,45,Phase 1: GPU,1783058028050,2026-07-03
ikaliayev,45,Phase 1: GPU,1783058028053,2026-07-03
shadowladyex,45,Phase 1: GPU,1783058028062,2026-07-03