timestamp,date,week_start,username,steamId,voteCount,gameName
1782878442683,2026-07-01,2026-06-28,mori2323,2073850,4,THE FINALS
1782878734834,2026-07-01,2026-06-28,xiaoxiao9313,1042780,1,Pine
1782878765316,2026-07-01,2026-06-28,alyssrentori,865610,4,Backbone
1782879370166,2026-07-01,2026-06-28,slay_da_b,237870,4,Planet Explorers
1782879842379,2026-07-01,2026-06-28,dahhel,589360,3,Ni no Kuni II: Revenant Kingdom
1782879981810,2026-07-01,2026-06-28,alfims,1455840,4,Dorfromantik
1782880578140,2026-07-01,2026-06-28,slay_da_b,2186680,4,Warhammer 40,000: Rogue Trader
1782880768864,2026-07-01,2026-06-28,darkranx,227300,4,Euro Truck Simulator 2
1782880778755,2026-07-01,2026-06-28,xiaoxiao9313,200260,1,Batman: Arkham City GOTY
1782881097410,2026-07-01,2026-06-28,alfims,208650,4,Batman: Arkham Knight
1782881186435,2026-07-01,2026-06-28,avin_novor,617290,4,Remnant: From the Ashes
1782881829627,2026-07-01,2026-06-28,alyssrentori,1885110,4,Cryptmaster
1782882072734,2026-07-01,2026-06-28,calypso_ba,1898290,4,LEGO Bricktales
1782882107368,2026-07-01,2026-06-28,mori2323,424840,4,Little Nightmares
1782882261178,2026-07-01,2026-06-28,johnnymnemonics,1920490,4,The Outer Worlds: Spacer's Choice Edition
1782882405579,2026-07-01,2026-06-28,darkranx,813540,4,Scheming Through The Zombie Apocalypse: The Beginning
1782882511580,2026-07-01,2026-06-28,dahhel,1222140,1,Detroit: Become Human
1782882778401,2026-07-01,2026-06-28,ivanpetrov32,1150530,4,Wizard with a Gun
1782882914857,2026-07-01,2026-06-28,xiaoxiao9313,987840,1,Expeditions: Rome
1782883156677,2026-07-01,2026-06-28,johnnymnemonics,870780,4,Control Ultimate Edition
1782883256147,2026-07-01,2026-06-28,player0451,22380,1,Fallout: New Vegas
1782883644307,2026-07-01,2026-06-28,darkranx,1214470,4,Hotel Renovator
1782883723565,2026-07-01,2026-06-28,johnnymnemonics,597820,4,BIOMUTANT
1782884513575,2026-07-01,2026-06-28,madagascaradam,1809540,3,Nine Sols
1782884578560,2026-07-01,2026-06-28,slay_da_b,2186680,4,Warhammer 40,000: Rogue Trader
1782884651136,2026-07-01,2026-06-28,alburldador,249870,4,Scribblenauts Unmasked
1782884738659,2026-07-01,2026-06-28,avin_novor,1593500,3,God of War
1782884798125,2026-07-01,2026-06-28,xiaoxiao9313,409730,1,Death by Game Show
1782885054640,2026-07-01,2026-06-28,darkranx,692890,4,Roboquest
1782886649153,2026-07-01,2026-06-28,rafsongames,910490,1,Killsquad
1782886703575,2026-07-01,2026-06-28,mori2323,742300,1,Mega Man 11
1782886853474,2026-07-01,2026-06-28,alfims,1724770,1,Castle Of Alchemists
1782887152877,2026-07-01,2026-06-28,xiaoxiao9313,1249110,1,Skully
1782887234638,2026-07-01,2026-06-28,rafsongames,1822900,1,Soulflow
1782887764414,2026-07-01,2026-06-28,darkranx,244210,4,Assetto Corsa
1782887775073,2026-07-01,2026-06-28,ivanpetrov32,656970,4,MagiCat
1782888345228,2026-07-01,2026-06-28,4gazmin4,2521380,1,Legacy of Kain Soul Reaver 1
1782888505328,2026-07-01,2026-06-28,rafsongames,1454970,1,New Tales from the Borderlands
1782889113362,2026-07-01,2026-06-28,darkranx,324800,1,Shadow Warrior 2
1782889267269,2026-07-01,2026-06-28,rafsongames,606730,1,Sine Mora EX
1782890420840,2026-07-01,2026-06-28,yurigiu,1605250,1,Moros Protocol
1782890447318,2026-07-01,2026-06-28,ikaliayev,1803400,4,Beneath Oresa
1782890640793,2026-07-01,2026-06-28,alyssrentori,620,4,Portal 2
1782891127132,2026-07-01,2026-06-28,rafsongames,552990,1,World of Warships
1782891630184,2026-07-01,2026-06-28,robin3one,1661630,4,KarmaZoo
1782891637232,2026-07-01,2026-06-28,mori2323,2561580,4,Horizon Zero Dawn™ Remastered
1782891653661,2026-07-01,2026-06-28,whitepai,449960,1,Book of Demons
1782892208926,2026-07-01,2026-06-28,robin3one,645320,4,SCARF
1782892401662,2026-07-01,2026-06-28,sassdrake,13600,1,Prince of Persia: The Sands of Time
1782892876385,2026-07-01,2026-06-28,mori2323,2513280,4,SONIC X SHADOW GENERATIONS
1782892881454,2026-07-01,2026-06-28,robin3one,692890,4,Roboquest
1782893082042,2026-07-01,2026-06-28,4gazmin4,617290,1,Remnant: From the Ashes
1782893309704,2026-07-01,2026-06-28,pika_gamy,70,2,Half-Life
1782893719074,2026-07-01,2026-06-28,robin3one,480490,4,Prey
1782894257917,2026-07-01,2026-06-28,robin3one,238210,4,System Shock 2
1782894368256,2026-07-01,2026-06-28,4gazmin4,658700,1,V-Rally 4
1782894426778,2026-07-01,2026-06-28,yurigiu,1803400,1,Beneath Oresa
1782894715052,2026-07-01,2026-06-28,whitepai,1502190,1,From Space
1782894797416,2026-07-01,2026-06-28,robin3one,360,1,Half-Life Deathmatch: Source
1782895139348,2026-07-01,2026-06-28,alfims,302160,1,The Egyptian Prophecy: The Fate of Ramses
1782895904525,2026-07-01,2026-06-28,whitepai,3520580,1,Sheep for the Stars
1782896187912,2026-07-01,2026-06-28,xiaoxiao9313,2521380,1,Legacy of Kain Soul Reaver 1
1782896458935,2026-07-01,2026-06-28,slay_da_b,2186680,1,Warhammer 40,000: Rogue Trader
1782896516977,2026-07-01,2026-06-28,robin3one,219950,4,NiGHTS into Dreams...
1782897278302,2026-07-01,2026-06-28,robin3one,70,1,Half-Life
1782897478614,2026-07-01,2026-06-28,whitepai,1304420,1,Super Cable Boy
1782897550645,2026-07-01,2026-06-28,valase,6100,1,Eets
1782897814107,2026-07-01,2026-06-28,darkranx,1146310,3,Beyond a Steel Sky
1782898439285,2026-07-01,2026-06-28,valase,881100,1,Noita
1782898507093,2026-07-01,2026-06-28,xiaoxiao9313,1649080,1,Two Point Campus
1782899189501,2026-07-01,2026-06-28,whitepai,1502190,1,From Space
1782900342805,2026-07-01,2026-06-28,snoopys030,292030,4,The Witcher 3: Wild Hunt
1782900565556,2026-07-01,2026-06-28,xiaoxiao9313,2106670,1,Gatekeeper
1782900981716,2026-07-01,2026-06-28,slay_da_b,2186680,4,Warhammer 40,000: Rogue Trader
1782901786538,2026-07-01,2026-06-28,xiaoxiao9313,609490,1,Minit
1782901796716,2026-07-01,2026-06-28,chestersz,15750,1,Oddworld: Stranger's Wrath HD
1782901997574,2026-07-01,2026-06-28,whitepai,2525380,1,Tomb Raider IV-VI Remastered
1782902442751,2026-07-01,2026-06-28,pika_gamy,1898290,2,LEGO Bricktales
1782902471086,2026-07-01,2026-06-28,snoopys030,424840,4,Little Nightmares
1782902612987,2026-07-01,2026-06-28,chestersz,1730590,1,The Entropy Centre
1782903112304,2026-07-01,2026-06-28,whitepai,1681870,1,Cobra Kai 2: Dojos Rising
1782903252778,2026-07-01,2026-06-28,xiaoxiao9313,3047370,1,Net.Attack()
1782903525592,2026-07-01,2026-06-28,chestersz,1675830,1,1000xRESIST
1782903982089,2026-07-01,2026-06-28,valase,237870,4,Planet Explorers
1782904044065,2026-07-01,2026-06-28,alburldador,763970,4,Leisure Suit Larry 1 - In the Land of the Lounge Lizards
1782904328275,2026-07-01,2026-06-28,xiaoxiao9313,1114290,1,Windjammers 2
1782904377690,2026-07-01,2026-06-28,whitepai,235900,1,RPG Maker XP
1782904444937,2026-07-01,2026-06-28,slay_da_b,1493640,4,Banishers: Ghosts of New Eden
1782904607186,2026-07-01,2026-06-28,alexwifi42,936790,1,Life is Strange: True Colors
1782904774517,2026-07-01,2026-06-28,lovegamesandthings00000,976310,1,Mortal Kombat 11
1782905173940,2026-07-01,2026-06-28,slay_da_b,2186680,4,Warhammer 40,000: Rogue Trader
1782905231854,2026-07-01,2026-06-28,alexwifi42,202750,1,Alan Wake's American Nightmare
1782905404984,2026-07-01,2026-06-28,4gazmin4,1931730,1,Fort Solis
1782905446786,2026-07-01,2026-06-28,ikaliayev,1286580,4,Ship of Fools
1782905776365,2026-07-01,2026-06-28,xiaoxiao9313,343860,1,Tacoma
1782905802786,2026-07-01,2026-06-28,silent_luc,617290,4,Remnant: From the Ashes
1782906088006,2026-07-01,2026-06-28,alphonsoe,498240,4,Batman - The Telltale Series
1782906194521,2026-07-01,2026-06-28,yurigiu,21090,4,F.E.A.R.
1782906454884,2026-07-01,2026-06-28,ikaliayev,2255370,4,Directive 8020
1782906776123,2026-07-01,2026-06-28,thanossoul,1577120,1,The Quarry
1782906886617,2026-07-01,2026-06-28,alexwifi42,1105500,1,Yakuza 4 Remastered
1782906933502,2026-07-01,2026-06-28,xiaoxiao9313,2709290,1,The Iceman
1782907236206,2026-07-01,2026-06-28,alfims,621060,1,PC Building Simulator
1782907634099,2026-07-01,2026-06-28,thanossoul,1724770,1,Castle Of Alchemists
1782907835541,2026-07-01,2026-06-28,4gazmin4,377160,1,Fallout 4
1782908218124,2026-07-01,2026-06-28,louis_of_apshai,1410640,4,Syberia - The World Before
1782908287004,2026-07-01,2026-06-28,valase,237870,4,Planet Explorers
1782908425377,2026-07-01,2026-06-28,thanossoul,233720,1,Surgeon Simulator
1782908455947,2026-07-01,2026-06-28,4gazmin4,710920,1,Darksiders Genesis
1782908843359,2026-07-01,2026-06-28,yurigiu,2960090,1,Squared Adventure
1782908873919,2026-07-01,2026-06-28,shadowladyex,1493640,4,Banishers: Ghosts of New Eden
1782909436078,2026-07-01,2026-06-28,thanossoul,209520,1,Mini Motor Racing EVO
1782909566909,2026-07-01,2026-06-28,4gazmin4,2186680,1,Warhammer 40,000: Rogue Trader
1782909615300,2026-07-01,2026-06-28,ikaliayev,1269640,4,Beacon Pines
1782909907242,2026-07-01,2026-06-28,sassdrake,205100,1,Dishonored
1782910190382,2026-07-01,2026-06-28,thanossoul,617290,1,Remnant: From the Ashes
1782910285374,2026-07-01,2026-06-28,alburldador,1817230,4,Hi-Fi RUSH
1782910406972,2026-07-01,2026-06-28,alexwifi42,9200,1,RAGE
1782910497800,2026-07-01,2026-06-28,alphonsoe,498240,4,Batman - The Telltale Series
1782910509891,2026-07-01,2026-06-28,lovegamesandthings00000,609490,1,Minit
1782910578765,2026-07-01,2026-06-28,cerebralx1,690640,4,Trine 4: The Nightmare Prince
1782910776285,2026-07-01,2026-06-28,alfims,1360390,1,Cats and the Other Lives
1782910779582,2026-07-01,2026-06-28,thanossoul,299170,1,Vault Cracker
1782910866190,2026-07-01,2026-06-28,4gazmin4,2255370,1,Directive 8020
1782911028017,2026-07-01,2026-06-28,ivanpetrov32,1220370,4,Ever Forward
1782911298963,2026-07-01,2026-06-28,thanossoul,32360,1,The Secret of Monkey Island: Special Edition
1782911380391,2026-07-01,2026-06-28,alexwifi42,881100,4,Noita
1782911516895,2026-07-01,2026-06-28,cerebralx1,45760,4,Ultra Street Fighter IV
1782911612803,2026-07-01,2026-06-28,madagascaradam,3728540,4,the high tower
1782911828171,2026-07-01,2026-06-28,ikaliayev,248820,4,Risk of Rain (2013)
1782911828441,2026-07-01,2026-06-28,yurigiu,1155970,1,Roadwarden
1782911923884,2026-07-01,2026-06-28,thanossoul,1150530,1,Wizard with a Gun
1782912112764,2026-07-01,2026-06-28,4gazmin4,377160,1,Fallout 4
1782912260874,2026-07-01,2026-06-28,ivanpetrov32,1675830,4,1000xRESIST
1782912444596,2026-07-01,2026-06-28,cerebralx1,677120,4,Heroes of Hammerwatch
1782912675519,2026-07-01,2026-06-28,operacional_cae,13530,4,Prince of Persia: The Two Thrones
1782912876933,2026-07-01,2026-06-28,madagascaradam,1341820,4,As Dusk Falls
1782913165503,2026-07-01,2026-06-28,xiaoxiao9313,3717700,1,Off World Racing
1782913221507,2026-07-01,2026-06-28,4gazmin4,1577250,1,The Chant
1782913303855,2026-07-01,2026-06-28,cerebralx1,1148590,4,DOOM 64
1782913355546,2026-07-01,2026-06-28,chestersz,3527290,1,PEAK
1782913522824,2026-07-01,2026-06-28,operacional_cae,313780,4,Conarium
1782913603841,2026-07-01,2026-06-28,shadowladyex,612880,4,Wolfenstein II: The New Colossus
1782913615865,2026-07-01,2026-06-28,avin_novor,379720,4,DOOM
1782913635486,2026-07-01,2026-06-28,alyssrentori,314030,4,Guilty Gear X2 #Reload
1782914100590,2026-07-01,2026-06-28,cerebralx1,374040,4,Portal Knights
1782914263315,2026-07-01,2026-06-28,operacional_cae,458770,4,WRC 6
1782914327857,2026-07-01,2026-06-28,chestersz,768450,1,NUTS
1782914362645,2026-07-01,2026-06-28,4gazmin4,765900,1,Leisure Suit Larry - Magna Cum Laude Uncut and Uncensored
1782914494837,2026-07-01,2026-06-28,alphonsoe,548430,4,Deep Rock Galactic
1782914541460,2026-07-01,2026-06-28,thanossoul,651670,1,Star Renegades
1782914806348,2026-07-01,2026-06-28,alexwifi42,498240,1,Batman - The Telltale Series
1782914860014,2026-07-01,2026-06-28,snoopys030,2051620,4,Enlisted
1782914874556,2026-07-01,2026-06-28,alfims,23450,1,Grand Ages: Rome
1782914898579,2026-07-01,2026-06-28,ivanpetrov32,3082840,4,Try to survive Today
1782915074042,2026-07-01,2026-06-28,slay_da_b,2186680,2,Warhammer 40,000: Rogue Trader
1782915131608,2026-07-01,2026-06-28,thanossoul,2255370,1,Directive 8020
1782915350427,2026-07-01,2026-06-28,chestersz,359840,1,Shift Happens
1782915450942,2026-07-01,2026-06-28,xiaoxiao9313,1361320,1,The Room 4: Old Sins
1782915558230,2026-07-01,2026-06-28,4gazmin4,1370050,1,Trek to Yomi
1782915610215,2026-07-01,2026-06-28,alburldador,1815570,4,Aces and Adventures
1782915734273,2026-07-01,2026-06-28,alexwifi42,881100,1,Noita
1782915854750,2026-07-01,2026-06-28,ivanpetrov32,1176710,4,Space Crew: Legendary Edition
1782916909269,2026-07-01,2026-06-28,johnnymnemonics,1139900,4,Ghostrunner
1782916962510,2026-07-01,2026-06-28,valase,237870,4,Planet Explorers
1782917053073,2026-07-01,2026-06-28,ivanpetrov32,233720,4,Surgeon Simulator
1782917075239,2026-07-01,2026-06-28,4gazmin4,1170080,1,Foretales
1782917375531,2026-07-01,2026-06-28,louis_of_apshai,928960,4,Godfall
1782917808769,2026-07-01,2026-06-28,thanossoul,976310,1,Mortal Kombat 11
1782918134456,2026-07-01,2026-06-28,player0451,1681430,4,RoboCop: Rogue City
1782918187003,2026-07-01,2026-06-28,alexwifi42,1190170,1,OlliOlli World
1782918297539,2026-07-01,2026-06-28,4gazmin4,49520,1,Borderlands 2
1782918328850,2026-07-01,2026-06-28,alphonsoe,352400,4,LEGO Jurassic World
1782919067668,2026-07-01,2026-06-28,louis_of_apshai,2435930,3,Eventide
1782919085862,2026-07-01,2026-06-28,thanossoul,1817230,1,Hi-Fi RUSH
1782919519987,2026-07-01,2026-06-28,alphonsoe,461950,4,Beat Cop
1782920016711,2026-07-01,2026-06-28,xiaoxiao9313,1658150,1,Moonstone Island
1782920089588,2026-07-01,2026-06-28,thanossoul,568070,1,Mable
1782920305100,2026-07-01,2026-06-28,puphik,1839880,1,King Of The Castle
1782920343526,2026-07-01,2026-06-28,alfims,658700,1,V-Rally 4
1782920364257,2026-07-01,2026-06-28,ivanpetrov32,2073850,4,THE FINALS
1782920620005,2026-07-01,2026-06-28,alexwifi42,248820,1,Risk of Rain (2013)
1782920858725,2026-07-01,2026-06-28,alphonsoe,377160,4,Fallout 4
1782920882591,2026-07-01,2026-06-28,thanossoul,1084640,1,Chicken Police
1782921359346,2026-07-01,2026-06-28,valase,237870,4,Planet Explorers
1782921865568,2026-07-01,2026-06-28,xiaoxiao9313,292030,1,The Witcher 3: Wild Hunt
1782921898466,2026-07-01,2026-06-28,dahhel,601360,4,Portal: Revolution
1782922352792,2026-07-01,2026-06-28,thanossoul,314030,1,Guilty Gear X2 #Reload
1782922524948,2026-07-01,2026-06-28,alfims,2186680,4,Warhammer 40,000: Rogue Trader
1782922930648,2026-07-01,2026-06-28,dahhel,211820,4,Starbound
1782923035715,2026-07-01,2026-06-28,4gazmin4,765900,1,Leisure Suit Larry - Magna Cum Laude Uncut and Uncensored
1782923122377,2026-07-01,2026-06-28,thanossoul,261570,1,Ori and the Blind Forest
1782923153144,2026-07-01,2026-06-28,calypso_ba,617290,4,Remnant: From the Ashes
1782923505883,2026-07-01,2026-06-28,alexwifi42,48000,1,LIMBO
1782923874635,2026-07-01,2026-06-28,chestersz,263380,1,Driftmoon
1782924063618,2026-07-01,2026-06-28,xiaoxiao9313,1232150,1,A Little Golf Journey
1782924287854,2026-07-01,2026-06-28,4gazmin4,1920490,1,The Outer Worlds: Spacer's Choice Edition
1782924375283,2026-07-01,2026-06-28,johnnymnemonics,621060,4,PC Building Simulator
1782925038546,2026-07-01,2026-06-28,thanossoul,837880,1,You Suck at Parking - Complete Edition
1782925589071,2026-07-01,2026-06-28,4gazmin4,710920,1,Darksiders Genesis
1782925935789,2026-07-01,2026-06-28,louis_of_apshai,589360,4,Ni no Kuni II: Revenant Kingdom
1782926377592,2026-07-01,2026-06-28,lovegamesandthings00000,1142710,1,Total War: WARHAMMER III
1782926532976,2026-07-01,2026-06-28,avin_novor,612880,4,Wolfenstein II: The New Colossus
1782926621659,2026-07-01,2026-06-28,johnnymnemonics,1681430,4,RoboCop: Rogue City
1782926654132,2026-07-01,2026-06-28,dahhel,312520,4,Rain World
1782927077742,2026-07-01,2026-06-28,mori2323,1172470,4,Apex Legends
1782927134669,2026-07-01,2026-06-28,operacional_cae,58570,4,The Next BIG Thing
1782927467707,2026-07-01,2026-06-28,alexwifi42,343860,1,Tacoma
1782927732550,2026-07-01,2026-06-28,pika_gamy,2008410,2,Garfield Lasagna Party
1782927787922,2026-07-01,2026-06-28,player0451,7670,4,BioShock
1782927803003,2026-07-01,2026-06-28,4gazmin4,70,1,Half-Life
1782928586756,2026-07-01,2026-06-28,louis_of_apshai,1220370,4,Ever Forward
1782929144961,2026-07-01,2026-06-28,dahhel,1920490,1,The Outer Worlds: Spacer's Choice Edition
1782929447767,2026-07-01,2026-06-28,mori2323,1222140,4,Detroit: Become Human
1782929795311,2026-07-01,2026-06-28,alyssrentori,2296990,4,We Were Here Expeditions: The FriendShip
1782930010301,2026-07-01,2026-06-28,ura3535,2767030,1,Marvel Rivals
1782930147586,2026-07-01,2026-06-28,chestersz,1390350,1,Webbed
1782930655599,2026-07-01,2026-06-28,avin_novor,367520,4,Hollow Knight
1782930788711,2026-07-01,2026-06-28,ura3535,1143810,1,Black Skylands
1782931093556,2026-07-01,2026-06-28,alfims,928960,1,Godfall
1782931322821,2026-07-01,2026-06-28,puphik,57690,1,Tropico 4
1782931329986,2026-07-01,2026-06-28,player0451,3027930,2,Karate Survivor
1782931358679,2026-07-01,2026-06-28,alyssrentori,601360,3,Portal: Revolution
1782931896557,2026-07-01,2026-06-28,dahhel,612880,1,Wolfenstein II: The New Colossus
1782931994992,2026-07-01,2026-06-28,alexwifi42,312520,4,Rain World
1782932275212,2026-07-01,2026-06-28,ura3535,202750,1,Alan Wake's American Nightmare
1782932609863,2026-07-01,2026-06-28,ikaliayev,798460,4,Ni no Kuni Wrath of the White Witch Remastered
1782932919057,2026-07-01,2026-06-28,pika_gamy,343860,2,Tacoma
1782932934909,2026-07-01,2026-06-28,alexwifi42,617290,1,Remnant: From the Ashes
1782933038738,2026-07-01,2026-06-28,silent_luc,651670,4,Star Renegades
1782933174513,2026-07-01,2026-06-28,alburldador,1647920,4,Valfaris: Mecha Therion
1782933419113,2026-07-01,2026-06-28,ura3535,2325720,1,Cyber mission
1782934802129,2026-07-01,2026-06-28,cerebralx1,2478970,4,Tomb Raider I-III Remastered Starring Lara Croft
1782935153486,2026-07-01,2026-06-28,ivanpetrov32,258970,4,Gauntlet
1782935226248,2026-07-01,2026-06-28,thanossoul,1476170,1,Godstrike
1782935410422,2026-07-01,2026-06-28,player0451,377160,3,Fallout 4
1782935445263,2026-07-01,2026-06-28,cerebralx1,238960,3,Path of Exile
1782935614244,2026-07-01,2026-06-28,ura3535,310950,1,Street Fighter V
1782936195500,2026-07-01,2026-06-28,4gazmin4,2841390,1,ava hunt and thieves of the lost
1782936603661,2026-07-01,2026-06-28,lovegamesandthings00000,2561580,1,Horizon Zero Dawn™ Remastered
1782936641602,2026-07-01,2026-06-28,louis_of_apshai,449960,4,Book of Demons
1782936787562,2026-07-01,2026-06-28,madagascaradam,292030,4,The Witcher 3: Wild Hunt
1782936870738,2026-07-01,2026-06-28,ura3535,601360,1,Portal: Revolution
1782937010677,2026-07-01,2026-06-28,thanossoul,588430,1,Fallout Shelter
1782937180999,2026-07-01,2026-06-28,pika_gamy,815370,4,Green Hell
1782937734159,2026-07-01,2026-06-28,ura3535,1088850,1,Marvel's Guardians of the Galaxy
1782937886438,2026-07-01,2026-06-28,pika_gamy,1562140,2,Sophie: Starlight Whispers
1782938102727,2026-07-01,2026-06-28,thanossoul,324800,1,Shadow Warrior 2
1782938437607,2026-07-01,2026-06-28,ragnar175,1647920,4,Valfaris: Mecha Therion
1782938972704,2026-07-01,2026-06-28,thanossoul,1885110,1,Cryptmaster
1782939174174,2026-07-01,2026-06-28,pika_gamy,2168150,2,Teslagrad Remastered
1782939359606,2026-07-01,2026-06-28,player0451,1234940,4,Astronarch
1782939446473,2026-07-01,2026-06-28,ura3535,881100,1,Noita
1782939462853,2026-07-01,2026-06-28,operacional_cae,1172650,4,INDUSTRIA
1782939567684,2026-07-01,2026-06-28,madagascaradam,297350,3,The Old City: Leviathan
1782939635130,2026-07-01,2026-06-28,johnnymnemonics,2933080,4,Crime Boss: Rockay City
1782940077271,2026-07-01,2026-06-28,ragnar175,1120810,4,Eastern Exorcist
1782940271709,2026-07-01,2026-06-28,dahhel,377160,1,Fallout 4
1782940574157,2026-07-01,2026-06-28,alfims,22380,1,Fallout: New Vegas
1782940811974,2026-07-01,2026-06-28,alburldador,1049280,4,Pilgrims
1782940821791,2026-07-01,2026-06-28,thanossoul,1099640,1,Jack Move
1782940852965,2026-07-01,2026-06-28,chestersz,1611910,1,Warhammer 40,000: Chaos Gate - Daemonhunters
1782941177507,2026-07-01,2026-06-28,ragnar175,95400,4,ibb
1782941745331,2026-07-01,2026-06-28,silent_luc,1658280,4,Eiyuden Chronicle: Hundred Heroes
1782942489856,2026-07-01,2026-06-28,4gazmin4,48700,1,Mount
1782942549454,2026-07-01,2026-06-28,ragnar175,1388870,4,Arcade Paradise
1782942875724,2026-07-01,2026-06-28,shadowladyex,617290,4,Remnant: From the Ashes
1782943029695,2026-07-01,2026-06-28,johnnymnemonics,1235140,4,Yakuza: Like a Dragon
1782943050320,2026-07-01,2026-06-28,louis_of_apshai,57740,4,Jagged Alliance - Back in Action
1782943115935,2026-07-01,2026-06-28,avin_novor,2008410,4,Garfield Lasagna Party
1782943133413,2026-07-01,2026-06-28,alburldador,7670,4,BioShock
1782943372223,2026-07-01,2026-06-28,pika_gamy,247080,4,Crypt of the NecroDancer
1782943460368,2026-07-01,2026-06-28,llucholba,982720,4,Paradise Lost
1782944674924,2026-07-01,2026-06-28,snoopys030,2019810,1,Boxes
1782945111535,2026-07-01,2026-06-28,shadowladyex,870780,4,Control Ultimate Edition
1782945756922,2026-07-01,2026-06-28,llucholba,503560,4,911 Operator
1782945785163,2026-07-01,2026-06-28,pika_gamy,1794680,4,Vampire Survivors
1782946136513,2026-07-01,2026-06-28,snoopys030,601360,4,Portal: Revolution
1782946378274,2026-07-01,2026-06-28,pika_gamy,976310,2,Mortal Kombat 11
1782946755108,2026-07-01,2026-06-28,dahhel,312520,1,Rain World
1782946757364,2026-07-01,2026-06-28,yurigiu,1049410,4,Superliminal
1782948101876,2026-07-01,2026-06-28,silent_luc,288160,4,The Room
1782948891363,2026-07-01,2026-06-28,alyssrentori,1649080,4,Two Point Campus
1782949066423,2026-07-01,2026-06-28,madagascaradam,2933080,3,Crime Boss: Rockay City
1782949949878,2026-07-01,2026-06-28,thanossoul,323190,1,Frostpunk
1782950737552,2026-07-02,2026-06-28,shadowladyex,2561580,4,Horizon Zero Dawn™ Remastered
1782951097829,2026-07-02,2026-06-28,pika_gamy,960910,2,Heavy Rain
1782951500659,2026-07-02,2026-06-28,dahhel,612880,4,Wolfenstein II: The New Colossus
1782951749422,2026-07-02,2026-06-28,silent_luc,1049410,4,Superliminal
1782951785393,2026-07-02,2026-06-28,snoopys030,2186680,4,Warhammer 40,000: Rogue Trader
1782951826545,2026-07-02,2026-06-28,shadowladyex,1493640,3,Banishers: Ghosts of New Eden
1782953014597,2026-07-02,2026-06-28,pika_gamy,690640,2,Trine 4: The Nightmare Prince
1782953105362,2026-07-02,2026-06-28,thanossoul,1939970,1,Nobody Wants to Die
1782954549384,2026-07-02,2026-06-28,ikaliayev,1155970,4,Roadwarden
1782955258441,2026-07-02,2026-06-28,lovegamesandthings00000,1290760,1,Gecko Gods
1782955276969,2026-07-02,2026-06-28,thanossoul,695100,1,Smoke and Sacrifice
1782955920951,2026-07-02,2026-06-28,silent_luc,9050,4,DOOM 3
1782957066635,2026-07-02,2026-06-28,thanossoul,200260,1,Batman: Arkham City GOTY
1782957836819,2026-07-02,2026-06-28,avin_novor,498240,4,Batman - The Telltale Series
1782958114058,2026-07-02,2026-06-28,mori2323,2525380,4,Tomb Raider IV-VI Remastered
1782959755282,2026-07-02,2026-06-28,dahhel,870780,3,Control Ultimate Edition
1782959819981,2026-07-02,2026-06-28,mori2323,2337000,3,Shuttle World
1782960378591,2026-07-02,2026-06-28,alyssrentori,857980,4,Void Bastards
1782960871789,2026-07-02,2026-06-28,player0451,588430,1,Fallout Shelter
1782961789051,2026-07-02,2026-06-28,thanossoul,798460,1,Ni no Kuni Wrath of the White Witch Remastered
1782962946870,2026-07-02,2026-06-28,lovegamesandthings00000,3515480,1,etrange overlord
1782963466317,2026-07-02,2026-06-28,shadowladyex,609320,3,FAR: Lone Sails
1782964086862,2026-07-02,2026-06-28,xiaoxiao9313,526160,1,The Wild Eight
1782964188449,2026-07-02,2026-06-28,madagascaradam,698670,4,Scorn
1782964292845,2026-07-02,2026-06-28,ikaliayev,3435260,4,Dice With Death
1782964978793,2026-07-02,2026-06-28,darkranx,928960,4,Godfall
1782965595543,2026-07-02,2026-06-28,alfims,442070,4,Drawful 2
1782965615313,2026-07-02,2026-06-28,ikaliayev,1424600,4,Verne: The Shape of Fantasy
1782966061058,2026-07-02,2026-06-28,alburldador,202750,4,Alan Wake's American Nightmare
1782966391623,2026-07-02,2026-06-28,llucholba,606150,4,Moonlighter
1782966499617,2026-07-02,2026-06-28,avin_novor,692890,3,Roboquest
1782966743498,2026-07-02,2026-06-28,lovegamesandthings00000,1173200,1,Metal Unit
1782967525802,2026-07-02,2026-06-28,ikaliayev,1061910,4,Metal: Hellsinger
1782967724673,2026-07-02,2026-06-28,snoopys030,2168150,4,Teslagrad Remastered
1782968072913,2026-07-02,2026-06-28,darkranx,1000030,4,Cook, Serve, Delicious! 3?!
1782968244943,2026-07-02,2026-06-28,aspio9,2933080,1,Crime Boss: Rockay City
1782968331669,2026-07-02,2026-06-28,dahhel,1222140,1,Detroit: Become Human
1782969331365,2026-07-02,2026-06-28,ragnar175,1938800,4,Alone in the Dark Prologue
1782969684154,2026-07-02,2026-06-28,madagascaradam,1279920,2,Cobra Kai: The Karate Kid Saga Continues
1782969767644,2026-07-02,2026-06-28,johnnymnemonics,1341820,4,As Dusk Falls
1782969784523,2026-07-02,2026-06-28,puphik,597820,1,BIOMUTANT
1782970040964,2026-07-02,2026-06-28,xiaoxiao9313,524220,1,NieR:Automata
1782970074396,2026-07-02,2026-06-28,darkranx,1493640,4,Banishers: Ghosts of New Eden
1782970185982,2026-07-02,2026-06-28,ragnar175,1577250,4,The Chant
1782970603993,2026-07-02,2026-06-28,llucholba,2828500,4,The Jackbox Megapicker
1782970905498,2026-07-02,2026-06-28,xiaoxiao9313,342260,1,Nevermind
1782970971274,2026-07-02,2026-06-28,ragnar175,960090,4,Bloons TD 6
1782971519162,2026-07-02,2026-06-28,ivanpetrov32,4196020,4,Divinum Demo
1782971626914,2026-07-02,2026-06-28,ragnar175,383180,4,Dead Island Riptide Definitive Edition
1782972019974,2026-07-02,2026-06-28,xiaoxiao9313,57650,1,Dungeons
1782972399102,2026-07-02,2026-06-28,alfims,1016180,4,Terror of Hemasaurus
1782972925895,2026-07-02,2026-06-28,ragnar175,2153350,2,Brothers: A Tale of Two Sons Remake
1782973408782,2026-07-02,2026-06-28,player0451,1839880,2,King Of The Castle
1782974203731,2026-07-02,2026-06-28,darkranx,979120,4,Autonauts
1782974230902,2026-07-02,2026-06-28,lovegamesandthings00000,526160,1,The Wild Eight
1782974318268,2026-07-02,2026-06-28,sassdrake,9070,1,DOOM 3: Resurrection of Evil
1782974505979,2026-07-02,2026-06-28,xiaoxiao9313,19030,1,Rocket Knight
1782974680014,2026-07-02,2026-06-28,alburldador,2841390,4,ava hunt and thieves of the lost
1782974949325,2026-07-02,2026-06-28,snoopys030,1341820,4,As Dusk Falls
1782975273912,2026-07-02,2026-06-28,shadowladyex,1493640,3,Banishers: Ghosts of New Eden
1782975522752,2026-07-02,2026-06-28,darkranx,588430,4,Fallout Shelter
1782975707885,2026-07-02,2026-06-28,xiaoxiao9313,275850,1,No Man's Sky
1782975767943,2026-07-02,2026-06-28,rafsongames,956560,1,StarCrossed
1782976103574,2026-07-02,2026-06-28,alexwifi42,1164940,4,Trepang2
1782976499797,2026-07-02,2026-06-28,xiaoxiao9313,3126470,1,Ice World
1782976631310,2026-07-02,2026-06-28,alfims,211820,4,Starbound
1782976861273,2026-07-02,2026-06-28,ivanpetrov32,304430,4,INSIDE
1782976919032,2026-07-02,2026-06-28,rafsongames,218230,1,PlanetSide 2
1782977581360,2026-07-02,2026-06-28,rafsongames,518060,1,Chess Ultra
1782977680032,2026-07-02,2026-06-28,alexwifi42,866800,1,The Walking Dead: The Final Season
1782978628333,2026-07-02,2026-06-28,alexwifi42,204120,1,LEGO Harry Potter: Years 5-7
1782978749821,2026-07-02,2026-06-28,whitepai,3426800,1,Delverium Demo
1782978777367,2026-07-02,2026-06-28,chestersz,1768280,1,Ozymandias
1782978794172,2026-07-02,2026-06-28,xiaoxiao9313,257510,1,The Talos Principle
1782979064058,2026-07-02,2026-06-28,slay_da_b,924970,4,Back 4 Blood
1782979427216,2026-07-02,2026-06-28,whitepai,3877870,1,The Third
1782979453798,2026-07-02,2026-06-28,xiaoxiao9313,1056970,1,Wolfenstein: Cyberpilot
1782979679646,2026-07-02,2026-06-28,alexwifi42,738520,1,Breathedge
1782980028966,2026-07-02,2026-06-28,alfims,1456200,1,Initial Drift Online
1782980048494,2026-07-02,2026-06-28,alburldador,1139900,4,Ghostrunner
1782980074183,2026-07-02,2026-06-28,ivanpetrov32,40800,4,Super Meat Boy
1782980319134,2026-07-02,2026-06-28,robin3one,2402630,4,Egypt Frontiers
1782980613318,2026-07-02,2026-06-28,whitepai,2561580,1,Horizon Zero Dawn™ Remastered
1782981113508,2026-07-02,2026-06-28,valase,900010,4,Meeple Station
1782981316458,2026-07-02,2026-06-28,alexwifi42,1190170,1,OlliOlli World
1782981744568,2026-07-02,2026-06-28,yurigiu,3453450,1,Manairons
1782981833198,2026-07-02,2026-06-28,xiaoxiao9313,606150,1,Moonlighter
1782982132070,2026-07-02,2026-06-28,darkranx,667720,3,Red Faction Guerrilla Re-Mars-tered
1782982519368,2026-07-02,2026-06-28,whitepai,48000,1,LIMBO
1782982663047,2026-07-02,2026-06-28,alfims,2525380,1,Tomb Raider IV-VI Remastered
1782982803486,2026-07-02,2026-06-28,operacional_cae,1245430,4,Golden Light
1782983084385,2026-07-02,2026-06-28,whitepai,3515480,1,etrange overlord
1782983360571,2026-07-02,2026-06-28,alfims,678850,1,Uurnog Uurnlimited
1782983495103,2026-07-02,2026-06-28,llucholba,2808530,4,killbeat
1782983616937,2026-07-02,2026-06-28,whitepai,1803400,1,Beneath Oresa
1782983828215,2026-07-02,2026-06-28,operacional_cae,203160,4,Tomb Raider
1782984224378,2026-07-02,2026-06-28,louis_of_apshai,1056970,4,Wolfenstein: Cyberpilot
1782984500854,2026-07-02,2026-06-28,whitepai,860950,1,Mark of the Ninja: Remastered
1782984749302,2026-07-02,2026-06-28,xiaoxiao9313,812550,1,The King's Bird
1782984791508,2026-07-02,2026-06-28,puphik,1051200,1,Trover Saves the Universe
1782984947440,2026-07-02,2026-06-28,darkranx,400,1,Portal
1782985072685,2026-07-02,2026-06-28,alexwifi42,757310,1,Sable
1782985128268,2026-07-02,2026-06-28,rafsongames,2561580,1,Horizon Zero Dawn™ Remastered
1782985222781,2026-07-02,2026-06-28,operacional_cae,399810,4,Call of Cthulhu
1782985241939,2026-07-02,2026-06-28,pika_gamy,292030,2,The Witcher 3: Wild Hunt
1782985485661,2026-07-02,2026-06-28,yurigiu,3467710,4,Wall World 2
1782985613088,2026-07-02,2026-06-28,whitepai,1730700,1,We Love Katamari REROLL  Royal Reverie
1782985617734,2026-07-02,2026-06-28,rafsongames,574980,1,Them's Fightin' Herds
1782985973207,2026-07-02,2026-06-28,slay_da_b,2186680,4,Warhammer 40,000: Rogue Trader
1782986360269,2026-07-02,2026-06-28,whitepai,211820,1,Starbound
1782986910860,2026-07-02,2026-06-28,alexwifi42,498240,1,Batman - The Telltale Series
1782987588845,2026-07-02,2026-06-28,whitepai,1294420,1,Rollerdrome
1782987747088,2026-07-02,2026-06-28,silent_luc,238210,4,System Shock 2
1782988132525,2026-07-02,2026-06-28,xiaoxiao9313,1046790,1,Eternal Threads
1782988186854,2026-07-02,2026-06-28,pika_gamy,620,2,Portal 2
1782988200767,2026-07-02,2026-06-28,johnnymnemonics,881320,4,The LEGO Movie 2 - Videogame
1782988268387,2026-07-02,2026-06-28,louis_of_apshai,1120810,4,Eastern Exorcist
1782989048823,2026-07-02,2026-06-28,xiaoxiao9313,710920,1,Darksiders Genesis
1782989580930,2026-07-02,2026-06-28,whitepai,1577250,1,The Chant
1782989859498,2026-07-02,2026-06-28,operacional_cae,815370,4,Green Hell
1782990070424,2026-07-02,2026-06-28,robin3one,2243140,4,Guns
1782990321964,2026-07-02,2026-06-28,lovegamesandthings00000,1593500,1,God of War
1782990481318,2026-07-02,2026-06-28,chestersz,731040,1,The Invincible
1782990561162,2026-07-02,2026-06-28,xiaoxiao9313,606150,1,Moonlighter
1782990603192,2026-07-02,2026-06-28,robin3one,4196020,4,Divinum Demo
1782991073566,2026-07-02,2026-06-28,louis_of_apshai,7670,1,BioShock
1782991136539,2026-07-02,2026-06-28,alphonsoe,498240,4,Batman - The Telltale Series
1782991155440,2026-07-02,2026-06-28,robin3one,280740,4,Aperture Tag: The Paint Gun Testing Initiative
1782991450498,2026-07-02,2026-06-28,4gazmin4,3015240,1,Phantom Line Playtest
1782991483021,2026-07-02,2026-06-28,operacional_cae,1116580,4,Shady Part of Me
1782991582682,2026-07-02,2026-06-28,silent_luc,387290,4,Ori and the Blind Forest: Definitive Edition
1782991982057,2026-07-02,2026-06-28,alyssrentori,1658150,4,Moonstone Island
1782992000278,2026-07-02,2026-06-28,ivanpetrov32,1232010,4,Radical Rabbit Stew
1782992095818,2026-07-02,2026-06-28,alexwifi42,207610,1,The Walking Dead
1782992507490,2026-07-02,2026-06-28,snoopys030,257510,4,The Talos Principle
1782992863895,2026-07-02,2026-06-28,louis_of_apshai,4424100,4,Together We Move
1782993141155,2026-07-02,2026-06-28,4gazmin4,1850570,1,DEATH STRANDING DIRECTOR'S CUT
1782993406180,2026-07-02,2026-06-28,operacional_cae,1410640,4,Syberia - The World Before
1782993605709,2026-07-02,2026-06-28,yurigiu,812550,4,The King's Bird
1782993799613,2026-07-02,2026-06-28,madagascaradam,720660,4,Overloop
1782994009333,2026-07-02,2026-06-28,4gazmin4,449960,1,Book of Demons
1782994171938,2026-07-02,2026-06-28,xiaoxiao9313,3247750,1,Mycopunk
1782994180835,2026-07-02,2026-06-28,silent_luc,524220,4,NieR:Automata
1782994262555,2026-07-02,2026-06-28,cerebralx1,292030,4,The Witcher 3: Wild Hunt
1782994712298,2026-07-02,2026-06-28,naoka_ueno,2521380,4,Legacy of Kain Soul Reaver 1
1782994817056,2026-07-02,2026-06-28,cerebralx1,379720,4,DOOM
1782995188580,2026-07-02,2026-06-28,alphonsoe,1593500,4,God of War
1782995295085,2026-07-02,2026-06-28,xiaoxiao9313,4105730,1,Floor13
1782995659935,2026-07-02,2026-06-28,naoka_ueno,1549690,4,SPRAWL
1782995722506,2026-07-02,2026-06-28,alexwifi42,617290,1,Remnant: From the Ashes
1782995739117,2026-07-02,2026-06-28,thanossoul,814360,1,Mythic Ocean
1782995776940,2026-07-02,2026-06-28,4gazmin4,1325900,1,Demon Turf
1782996030844,2026-07-02,2026-06-28,alphonsoe,498240,4,Batman - The Telltale Series
1782996388423,2026-07-02,2026-06-28,naoka_ueno,21000,4,LEGO Batman: The Videogame
1782996417880,2026-07-02,2026-06-28,ikaliayev,2255370,4,Directive 8020
1782996437461,2026-07-02,2026-06-28,mori2323,457210,4,SEUM: Speedrunners from Hell
1782996695309,2026-07-02,2026-06-28,johnnymnemonics,1145360,4,Hades
1782996712915,2026-07-02,2026-06-28,alburldador,2168150,1,Teslagrad Remastered
1782996717488,2026-07-02,2026-06-28,xiaoxiao9313,733210,1,Neversong
1782996761540,2026-07-02,2026-06-28,4gazmin4,418180,1,Tempest
1782996910312,2026-07-02,2026-06-28,thanossoul,1815570,1,Aces and Adventures
1782996931666,2026-07-02,2026-06-28,robin3one,568070,4,Mable
1782996990101,2026-07-02,2026-06-28,ivanpetrov32,1165610,3,Titeuf: Mega Party
1782997019274,2026-07-02,2026-06-28,mori2323,1390410,4,Midnight Fight Express
1782997438324,2026-07-02,2026-06-28,naoka_ueno,203160,4,Tomb Raider
1782997524935,2026-07-02,2026-06-28,shadowladyex,1570010,4,FAR: Changing Tides
1782997836908,2026-07-02,2026-06-28,xiaoxiao9313,1356280,1,Kitaria Fables
1782997855524,2026-07-02,2026-06-28,4gazmin4,377160,1,Fallout 4
1782998255445,2026-07-02,2026-06-28,naoka_ueno,695100,4,Smoke and Sacrifice
1782998342504,2026-07-02,2026-06-28,yurigiu,46500,4,Syberia
1782998357903,2026-07-02,2026-06-28,alexwifi42,494430,1,Praey for the Gods
1782999225596,2026-07-02,2026-06-28,alexwifi42,267530,1,The LEGO Movie - Videogame
1782999249411,2026-07-02,2026-06-28,4gazmin4,588430,1,Fallout Shelter
1782999269592,2026-07-02,2026-06-28,xiaoxiao9313,57900,1,Duke Nukem Forever
1782999418441,2026-07-02,2026-06-28,thanossoul,572890,1,Pikuniku
1783000087280,2026-07-02,2026-06-28,thanossoul,1766740,1,Choo-Choo Charles
1783000342503,2026-07-02,2026-06-28,xiaoxiao9313,606150,1,Moonlighter
1783000482093,2026-07-02,2026-06-28,4gazmin4,765900,1,Leisure Suit Larry - Magna Cum Laude Uncut and Uncensored
1783000710662,2026-07-02,2026-06-28,thanossoul,427005,1,hyperdevotion noire ultimate party member “tiara”
1783000923396,2026-07-02,2026-06-28,chestersz,972660,1,Spiritfarer: Farewell Edition
1783001059265,2026-07-02,2026-06-28,alphonsoe,498240,4,Batman - The Telltale Series
1783001342329,2026-07-02,2026-06-28,sassdrake,753590,1,Hellbound
1783001389800,2026-07-02,2026-06-28,yurigiu,1252240,1,Aeon Drive
1783001807121,2026-07-02,2026-06-28,thanossoul,375460,1,16bit Trader
1783001876073,2026-07-02,2026-06-28,4gazmin4,1145360,1,Hades
1783002057527,2026-07-02,2026-06-28,operacional_cae,234140,3,Mad Max
1783002124727,2026-07-02,2026-06-28,alphonsoe,32360,4,The Secret of Monkey Island: Special Edition
1783003106719,2026-07-02,2026-06-28,4gazmin4,360,1,Half-Life Deathmatch: Source
1783003833369,2026-07-02,2026-06-28,alexwifi42,1608230,1,Planet of Lana
1783003836417,2026-07-02,2026-06-28,player0451,289050,4,Shannon Tweed's Attack Of The Groupies
1783004516418,2026-07-02,2026-06-28,dahhel,601360,4,Portal: Revolution
1783004573087,2026-07-02,2026-06-28,alexwifi42,1577250,1,The Chant
1783004659653,2026-07-02,2026-06-28,alyssrentori,960910,4,Heavy Rain
1783004768619,2026-07-02,2026-06-28,madagascaradam,2106670,4,Gatekeeper
1783004891672,2026-07-02,2026-06-28,xiaoxiao9313,2828500,1,The Jackbox Megapicker
1783005021276,2026-07-02,2026-06-28,4gazmin4,1087760,1,The Gunk
1783005051964,2026-07-02,2026-06-28,yurigiu,645320,4,SCARF
1783005080913,2026-07-02,2026-06-28,dahhel,612880,4,Wolfenstein II: The New Colossus
1783005517009,2026-07-02,2026-06-28,player0451,827610,4,Dead End Job
1783005728784,2026-07-02,2026-06-28,lovegamesandthings00000,3453450,1,Manairons
1783006062614,2026-07-02,2026-06-28,alexwifi42,208650,1,Batman: Arkham Knight
1783006184307,2026-07-02,2026-06-28,4gazmin4,617290,1,Remnant: From the Ashes
1783006397262,2026-07-02,2026-06-28,xiaoxiao9313,1933840,1,Moon Mystery
1783006547486,2026-07-02,2026-06-28,alphonsoe,498240,4,Batman - The Telltale Series
1783006800839,2026-07-02,2026-06-28,calypso_ba,2525380,4,Tomb Raider IV-VI Remastered
1783007018173,2026-07-02,2026-06-28,alfims,1885110,4,Cryptmaster
1783007264873,2026-07-02,2026-06-28,alexwifi42,2305840,1,Cat Quest III
1783007678206,2026-07-02,2026-06-28,aspio9,1218210,1,Coromon
1783008280290,2026-07-02,2026-06-28,cerebralx1,367080,1,Songbringer
1783008281694,2026-07-02,2026-06-28,thanossoul,1254120,1,Bless Unleashed
1783008299376,2026-07-02,2026-06-28,4gazmin4,360,1,Half-Life Deathmatch: Source
1783008332410,2026-07-02,2026-06-28,xiaoxiao9313,987840,1,Expeditions: Rome
1783008399479,2026-07-02,2026-06-28,alburldador,1056970,4,Wolfenstein: Cyberpilot
1783008603577,2026-07-02,2026-06-28,alyssrentori,232770,4,POSTAL
1783009207793,2026-07-02,2026-06-28,4gazmin4,20820,1,Shatter
1783009272413,2026-07-02,2026-06-28,cerebralx1,597820,4,BIOMUTANT
1783009275438,2026-07-02,2026-06-28,thanossoul,1303990,1,Mini Motor Racing X
1783009333674,2026-07-02,2026-06-28,ivanpetrov32,42890,1,Sword of the Stars Complete Collection
1783009438336,2026-07-02,2026-06-28,aspio9,42920,1,The Kings' Crusade
1783009816680,2026-07-02,2026-06-28,thanossoul,21980,1,Call of Juarez: Bound in Blood
1783010114533,2026-07-02,2026-06-28,4gazmin4,379720,1,DOOM
1783010249030,2026-07-02,2026-06-28,yurigiu,1049410,4,Superliminal
1783010578748,2026-07-02,2026-06-28,cerebralx1,227300,4,Euro Truck Simulator 2
1783011205381,2026-07-02,2026-06-28,cerebralx1,522240,4,Pool Panic
1783011792844,2026-07-02,2026-06-28,aspio9,3015240,1,Phantom Line Playtest
1783012014597,2026-07-02,2026-06-28,dahhel,228380,1,Wreckfest
1783012458790,2026-07-02,2026-06-28,4gazmin4,238210,1,System Shock 2
1783012606143,2026-07-02,2026-06-28,avin_novor,2073850,4,THE FINALS
1783012789378,2026-07-02,2026-06-28,thanossoul,742300,1,Mega Man 11
1783013008774,2026-07-02,2026-06-28,pika_gamy,1502190,1,From Space
1783013408180,2026-07-02,2026-06-28,chestersz,1381520,1,Cricket: Jae's Really Peculiar Game
1783013535822,2026-07-02,2026-06-28,lillakra,1410640,1,Syberia - The World Before
1783013541088,2026-07-02,2026-06-28,thanossoul,237950,1,UFO: Afterlight
1783013879868,2026-07-02,2026-06-28,alfims,1279920,4,Cobra Kai: The Karate Kid Saga Continues
1783013938467,2026-07-02,2026-06-28,4gazmin4,1341820,1,As Dusk Falls
1783014138831,2026-07-02,2026-06-28,xiaoxiao9313,3247750,1,Mycopunk
1783014690102,2026-07-02,2026-06-28,dahhel,612880,4,Wolfenstein II: The New Colossus
1783015201365,2026-07-02,2026-06-28,4gazmin4,48700,1,Mount
1783016058046,2026-07-02,2026-06-28,aspio9,1625760,1,Dave Dave Dave
1783016202711,2026-07-02,2026-06-28,xiaoxiao9313,1885110,1,Cryptmaster
1783016629806,2026-07-02,2026-06-28,aspio9,237590,1,R.I.P.D.: The Game
1783016773998,2026-07-02,2026-06-28,4gazmin4,297350,1,The Old City: Leviathan
1783017698544,2026-07-02,2026-06-28,aspio9,405310,1,LEGO MARVEL's Avengers
1783017891617,2026-07-02,2026-06-28,avin_novor,794540,4,Neo Cab
1783018458978,2026-07-02,2026-06-28,aspio9,1458140,1,Pacific Drive
1783018604677,2026-07-02,2026-06-28,robin3one,960910,4,Heavy Rain
1783018847612,2026-07-02,2026-06-28,4gazmin4,2521380,1,Legacy of Kain Soul Reaver 1
1783018875546,2026-07-02,2026-06-28,johnnymnemonics,860510,4,Little Nightmares II
1783018917328,2026-07-02,2026-06-28,alexwifi42,209000,1,Batman: Arkham Origins
1783019192557,2026-07-02,2026-06-28,robin3one,352400,4,LEGO Jurassic World
1783019291691,2026-07-02,2026-06-28,aspio9,202750,1,Alan Wake's American Nightmare
1783019876154,2026-07-02,2026-06-28,aspio9,617290,1,Remnant: From the Ashes
1783020140707,2026-07-02,2026-06-28,alyssrentori,70,4,Half-Life
1783020698521,2026-07-02,2026-06-28,calypso_ba,228380,4,Wreckfest
1783020713648,2026-07-02,2026-06-28,thanossoul,373600,1,Weapon of Choice
1783021000155,2026-07-02,2026-06-28,alfims,1428730,1,BRoS - Battle Royale of Survival
1783021456621,2026-07-02,2026-06-28,puphik,609320,1,FAR: Lone Sails
1783021514040,2026-07-02,2026-06-28,valase,447020,1,Farming Simulator 17
1783022502887,2026-07-02,2026-06-28,thanossoul,1649240,1,Returnal™
1783022518838,2026-07-02,2026-06-28,ivanpetrov32,1139900,4,Ghostrunner
1783022628197,2026-07-02,2026-06-28,valase,237870,4,Planet Explorers
1783022735495,2026-07-02,2026-06-28,4gazmin4,2906070,1,Blood Reaver
1783022824028,2026-07-02,2026-06-28,aspio9,1341820,1,As Dusk Falls
1783023385188,2026-07-02,2026-06-28,aspio9,960910,1,Heavy Rain
1783023712520,2026-07-02,2026-06-28,operacional_cae,414340,1,Hellblade: Senua's Sacrifice
1783023966468,2026-07-02,2026-06-28,ragnar175,2186680,4,Warhammer 40,000: Rogue Trader
1783024319940,2026-07-02,2026-06-28,pika_gamy,48700,2,Mount
1783024345346,2026-07-02,2026-06-28,operacional_cae,4105730,2,Floor13
1783024454171,2026-07-02,2026-06-28,dahhel,211820,1,Starbound
1783024833093,2026-07-02,2026-06-28,ragnar175,4054670,4,ASHGARD: Infinity Mask Demo
1783025013789,2026-07-02,2026-06-28,operacional_cae,9200,2,RAGE
1783025071475,2026-07-02,2026-06-28,alyssrentori,70,2,Half-Life
1783025219587,2026-07-02,2026-06-28,puphik,48000,1,LIMBO
1783025407536,2026-07-02,2026-06-28,yurigiu,2303350,4,Sticky Business
1783025442794,2026-07-02,2026-06-28,thanossoul,3015240,1,Phantom Line Playtest
1783025646163,2026-07-02,2026-06-28,alfims,295790,1,Never Alone (Kisima Ingitchuna)
1783025856864,2026-07-02,2026-06-28,operacional_cae,2168150,2,Teslagrad Remastered
1783026012294,2026-07-02,2026-06-28,ragnar175,1232010,3,Radical Rabbit Stew
1783026923083,2026-07-02,2026-06-28,thanossoul,1502190,1,From Space
1783026952526,2026-07-02,2026-06-28,alfims,218680,4,Scribblenauts Unlimited
1783027382416,2026-07-02,2026-06-28,dahhel,870780,3,Control Ultimate Edition
1783027498900,2026-07-02,2026-06-28,alyssrentori,1205450,1,Turnip Boy Commits Tax Evasion
1783027706291,2026-07-02,2026-06-28,valase,237870,4,Planet Explorers
1783027827886,2026-07-02,2026-06-28,thanossoul,3399980,1,Down the Rabbit Hole Flattened
1783027901457,2026-07-02,2026-06-28,lovegamesandthings00000,2402630,1,Egypt Frontiers
1783028439084,2026-07-02,2026-06-28,thanossoul,2005010,1,Warhammer 40,000: Boltgun
1783028511890,2026-07-02,2026-06-28,ikaliayev,292030,4,The Witcher 3: Wild Hunt
1783028964116,2026-07-02,2026-06-28,4gazmin4,275850,1,No Man's Sky
1783029117993,2026-07-02,2026-06-28,dahhel,612880,1,Wolfenstein II: The New Colossus
1783029187658,2026-07-02,2026-06-28,silent_luc,379720,4,DOOM
1783030840236,2026-07-02,2026-06-28,pika_gamy,866800,4,The Walking Dead: The Final Season
1783031780294,2026-07-02,2026-06-28,alburldador,742300,4,Mega Man 11
1783032567173,2026-07-02,2026-06-28,valase,237870,4,Planet Explorers
1783033025663,2026-07-02,2026-06-28,snoopys030,42890,4,Sword of the Stars Complete Collection
1783033049080,2026-07-02,2026-06-28,pika_gamy,2561580,4,Horizon Zero Dawn™ Remastered
1783033823851,2026-07-02,2026-06-28,shadowladyex,2521380,4,Legacy of Kain Soul Reaver 1
1783034027570,2026-07-02,2026-06-28,llucholba,209520,4,Mini Motor Racing EVO
1783034039997,2026-07-02,2026-06-28,silent_luc,1681430,4,RoboCop: Rogue City
1783034704187,2026-07-02,2026-06-28,valase,1915380,1,Garden Life: A Cozy Simulator
1783034733580,2026-07-02,2026-06-28,snoopys030,606150,4,Moonlighter
1783035054308,2026-07-02,2026-06-28,pika_gamy,1173200,2,Metal Unit
1783035935281,2026-07-02,2026-06-28,snoopys030,1105500,4,Yakuza 4 Remastered
1783036518169,2026-07-02,2026-06-28,ikaliayev,421170,4,Indivisible
1783036658341,2026-07-02,2026-06-28,louis_of_apshai,278360,4,A StorY About My Uncle
1783036748949,2026-07-02,2026-06-28,pika_gamy,914750,2,Bee Simulator
1783037500100,2026-07-03,2026-06-28,pika_gamy,225080,2,Brothers - A Tale of Two Sons
1783037795375,2026-07-03,2026-06-28,silent_luc,473950,4,Manifold Garden
1783037954649,2026-07-03,2026-06-28,valase,237870,4,Planet Explorers
1783038238429,2026-07-03,2026-06-28,thanossoul,952200,1,stikir
1783038450786,2026-07-03,2026-06-28,alyssrentori,523070,3,Black Forest
1783038551800,2026-07-03,2026-06-28,shadowladyex,1493640,4,Banishers: Ghosts of New Eden
1783039068128,2026-07-03,2026-06-28,thanossoul,1053710,1,The Red Lantern
1783039502171,2026-07-03,2026-06-28,shadowladyex,312520,4,Rain World
1783040716980,2026-07-03,2026-06-28,avin_novor,2008410,4,Garfield Lasagna Party
1783041511083,2026-07-03,2026-06-28,thanossoul,2168150,1,Teslagrad Remastered
1783042092017,2026-07-03,2026-06-28,lovegamesandthings00000,23400,1,Imperium Romanum: Gold Edition
1783042529769,2026-07-03,2026-06-28,dahhel,377160,3,Fallout 4
1783043078745,2026-07-03,2026-06-28,valase,237870,4,Planet Explorers
1783043489423,2026-07-03,2026-06-28,thanossoul,1114290,1,Windjammers 2
1783043749613,2026-07-03,2026-06-28,snoopys030,640700,4,Narvas
1783046509970,2026-07-03,2026-06-28,thanossoul,1983260,1,Dungeons of Hinterberg
1783048201155,2026-07-03,2026-06-28,valase,237870,4,Planet Explorers
1783048867164,2026-07-03,2026-06-28,thanossoul,292030,1,The Witcher 3: Wild Hunt
1783048888967,2026-07-03,2026-06-28,shadowladyex,1493640,4,Banishers: Ghosts of New Eden
1783048980956,2026-07-03,2026-06-28,alfims,1577250,4,The Chant
1783050393849,2026-07-03,2026-06-28,darkranx,798460,4,Ni no Kuni Wrath of the White Witch Remastered
1783050475544,2026-07-03,2026-06-28,dahhel,211820,2,Starbound
1783050768301,2026-07-03,2026-06-28,ikaliayev,588650,4,Dead Cells
1783050897707,2026-07-03,2026-06-28,alfims,548430,4,Deep Rock Galactic
1783051927272,2026-07-03,2026-06-28,darkranx,1146310,4,Beyond a Steel Sky
1783052128037,2026-07-03,2026-06-28,avin_novor,2096080,4,Agent in Depth
1783052868610,2026-07-03,2026-06-28,mori2323,1021770,4,Wanba Warriors
1783053022932,2026-07-03,2026-06-28,darkranx,813540,4,Scheming Through The Zombie Apocalypse: The Beginning
1783053176924,2026-07-03,2026-06-28,madagascaradam,1605250,4,Moros Protocol
1783054203367,2026-07-03,2026-06-28,snoopys030,979120,4,Autonauts
1783054917783,2026-07-03,2026-06-28,llucholba,21120,4,F.E.A.R.: Perseus Mandate
1783055157696,2026-07-03,2026-06-28,madagascaradam,1493640,4,Banishers: Ghosts of New Eden
1783055322143,2026-07-03,2026-06-28,ivanpetrov32,640700,4,Narvas
1783055380834,2026-07-03,2026-06-28,mori2323,588430,4,Fallout Shelter
1783055388328,2026-07-03,2026-06-28,johnnymnemonics,57900,4,Duke Nukem Forever
1783055581041,2026-07-03,2026-06-28,llucholba,900010,4,Meeple Station
1783055973339,2026-07-03,2026-06-28,alburldador,202750,4,Alan Wake's American Nightmare
1783056009158,2026-07-03,2026-06-28,xiaoxiao9313,3033560,1,Bajka
1783056669263,2026-07-03,2026-06-28,puphik,2240920,1,Vaudeville
1783056855265,2026-07-03,2026-06-28,llucholba,15750,4,Oddworld: Stranger's Wrath HD
1783056884539,2026-07-03,2026-06-28,darkranx,1180660,4,Tell Me Why
1783057557660,2026-07-03,2026-06-28,mori2323,1370050,4,Trek to Yomi
1783057883988,2026-07-03,2026-06-28,pika_gamy,2073850,2,THE FINALS
1783057900593,2026-07-03,2026-06-28,ivanpetrov32,297130,4,Titan Souls
1783057924241,2026-07-03,2026-06-28,xiaoxiao9313,1605250,1,Moros Protocol
1783058449841,2026-07-03,2026-06-28,alyssrentori,1084640,4,Chicken Police
1783058792635,2026-07-03,2026-06-28,mori2323,1410640,4,Syberia - The World Before
1783058921294,2026-07-03,2026-06-28,darkranx,1649240,4,Returnal™
1783059652788,2026-07-03,2026-06-28,pika_gamy,1577250,1,The Chant
1783060004480,2026-07-03,2026-06-28,xiaoxiao9313,321260,1,Wickland
1783060089428,2026-07-03,2026-06-28,ikaliayev,1681430,4,RoboCop: Rogue City
1783061140124,2026-07-03,2026-06-28,shadowladyex,498240,4,Batman - The Telltale Series
1783062177355,2026-07-03,2026-06-28,ragnar175,1605250,4,Moros Protocol
1783062749404,2026-07-03,2026-06-28,yurigiu,979120,4,Autonauts
1783063587351,2026-07-03,2026-06-28,whitepai,244050,1,Rise of Flight United
1783064130278,2026-07-03,2026-06-28,whitepai,1303950,1,Toodee and Topdee
1783064940410,2026-07-03,2026-06-28,whitepai,55110,1,Red Faction: Armageddon
1783065013551,2026-07-03,2026-06-28,alburldador,617290,4,Remnant: From the Ashes
1783065144313,2026-07-03,2026-06-28,slay_da_b,57740,4,Jagged Alliance - Back in Action
1783065712682,2026-07-03,2026-06-28,whitepai,2225070,1,Trackmania
1783066302412,2026-07-03,2026-06-28,pika_gamy,671510,2,Desolate
1783066700447,2026-07-03,2026-06-28,whitepai,620,1,Portal 2
1783067598826,2026-07-03,2026-06-28,rafsongames,1833380,1,Izmir: An Independence Simulator
1783067615848,2026-07-03,2026-06-28,ivanpetrov32,1409160,4,Plasma
1783067627810,2026-07-03,2026-06-28,whitepai,750290,1,Slice of Sea
1783068314174,2026-07-03,2026-06-28,whitepai,2417620,1,Pogglewash
1783068815452,2026-07-03,2026-06-28,whitepai,2083240,1,Asterogues
1783068836259,2026-07-03,2026-06-28,rafsongames,1269640,1,Beacon Pines
1783068860324,2026-07-03,2026-06-28,yurigiu,202750,4,Alan Wake's American Nightmare
1783069618330,2026-07-03,2026-06-28,xiaoxiao9313,1091500,1,Cyberpunk 2077
1783070003783,2026-07-03,2026-06-28,alexwifi42,979690,1,The Ascent
1783070443111,2026-07-03,2026-06-28,robin3one,505230,4,Pathologic 2
1783070651249,2026-07-03,2026-06-28,whitepai,2241380,1,Ancient Kingdoms
1783071041122,2026-07-03,2026-06-28,sassdrake,1184790,1,SCP: Fragmented Minds
1783071065327,2026-07-03,2026-06-28,snoopys030,1021770,4,Wanba Warriors
1783071090457,2026-07-03,2026-06-28,puphik,1338250,1,Nohra
1783071269110,2026-07-03,2026-06-28,darkranx,658700,4,V-Rally 4
1783071286482,2026-07-03,2026-06-28,whitepai,560260,1,Super Blue Boy Planet
1783071599575,2026-07-03,2026-06-28,robin3one,1155970,4,Roadwarden
1783071731414,2026-07-03,2026-06-28,alfims,924970,1,Back 4 Blood
1783072339465,2026-07-03,2026-06-28,xiaoxiao9313,526160,1,The Wild Eight
1783072958246,2026-07-03,2026-06-28,pika_gamy,1279920,2,Cobra Kai: The Karate Kid Saga Continues
1783073098548,2026-07-03,2026-06-28,whitepai,857980,1,Void Bastards
1783073607842,2026-07-03,2026-06-28,whitepai,1582650,1,Caravan Sandwitch
1783074081928,2026-07-03,2026-06-28,whitepai,508440,1,Totally Accurate Battle Simulator
1783074089725,2026-07-03,2026-06-28,johnnymnemonics,49520,4,Borderlands 2
1783074139850,2026-07-03,2026-06-28,xiaoxiao9313,1269640,1,Beacon Pines
1783074500396,2026-07-03,2026-06-28,silent_luc,782330,4,DOOM Eternal
1783074599725,2026-07-03,2026-06-28,alfims,269190,1,Edge Of Eternity
1783074608496,2026-07-03,2026-06-28,whitepai,512430,1,Make America Great Again
1783074842612,2026-07-03,2026-06-28,robin3one,427005,4,hyperdevotion noire ultimate party member “tiara”
1783074922842,2026-07-03,2026-06-28,louis_of_apshai,1892900,4,WarBots
1783075374283,2026-07-03,2026-06-28,mori2323,979690,4,The Ascent
1783075845292,2026-07-03,2026-06-28,mori2323,1898290,4,LEGO Bricktales
1783075862220,2026-07-03,2026-06-28,lovegamesandthings00000,2241380,1,Ancient Kingdoms
1783075995953,2026-07-03,2026-06-28,slay_da_b,1486630,4,Intravenous
1783077002009,2026-07-03,2026-06-28,yurigiu,232770,4,POSTAL
1783077393925,2026-07-03,2026-06-28,louis_of_apshai,2841390,4,ava hunt and thieves of the lost
1783077874657,2026-07-03,2026-06-28,xiaoxiao9313,3247750,1,Mycopunk
1783078031074,2026-07-03,2026-06-28,louis_of_apshai,1455840,4,Dorfromantik
1783078489079,2026-07-03,2026-06-28,shadowladyex,612880,4,Wolfenstein II: The New Colossus
1783079062640,2026-07-03,2026-06-28,alphonsoe,798460,4,Ni no Kuni Wrath of the White Witch Remastered
1783079135749,2026-07-03,2026-06-28,xiaoxiao9313,590590,1,Remnants of Naezith
1783079376921,2026-07-03,2026-06-28,silent_luc,617290,4,Remnant: From the Ashes
1783079692861,2026-07-03,2026-06-28,alphonsoe,498240,4,Batman - The Telltale Series
1783080460229,2026-07-03,2026-06-28,xiaoxiao9313,1025440,1,Fantasy General II
1783080834627,2026-07-03,2026-06-28,johnnymnemonics,1687950,4,Persona 5 Royal
1783081241902,2026-07-03,2026-06-28,xiaoxiao9313,2019810,1,Boxes
1783081579879,2026-07-03,2026-06-28,cerebralx1,310950,4,Street Fighter V
1783081870353,2026-07-03,2026-06-28,alyssrentori,46500,4,Syberia
1783082386056,2026-07-03,2026-06-28,cerebralx1,1000030,4,Cook, Serve, Delicious! 3?!
1783082434728,2026-07-03,2026-06-28,pika_gamy,589360,2,Ni no Kuni II: Revenant Kingdom
1783082659245,2026-07-03,2026-06-28,xiaoxiao9313,543460,1,Dead Rising 4
1783082970923,2026-07-03,2026-06-28,johnnymnemonics,209000,4,Batman: Arkham Origins
1783083418484,2026-07-03,2026-06-28,cerebralx1,1599880,4,Cats in Time
1783083713828,2026-07-03,2026-06-28,alburldador,1915380,4,Garden Life: A Cozy Simulator
1783083803172,2026-07-03,2026-06-28,xiaoxiao9313,2710420,1,BUMS
1783084053218,2026-07-03,2026-06-28,yurigiu,263320,1,Saturday Morning RPG
1783084356525,2026-07-03,2026-06-28,alexwifi42,1306970,1,Diluvian Ultra
1783084550860,2026-07-03,2026-06-28,snoopys030,2375550,4,Like a Dragon Gaiden: The Man Who Erased His Name
1783084681632,2026-07-03,2026-06-28,cerebralx1,2525380,4,Tomb Raider IV-VI Remastered
1783084828648,2026-07-03,2026-06-28,ikaliayev,2255370,4,Directive 8020
1783084909716,2026-07-03,2026-06-28,alfims,1885110,1,Cryptmaster
1783085096166,2026-07-03,2026-06-28,xiaoxiao9313,1145360,1,Hades
1783085295140,2026-07-03,2026-06-28,cerebralx1,1815570,4,Aces and Adventures
1783085359233,2026-07-03,2026-06-28,thanossoul,881100,1,Noita
1783085454863,2026-07-03,2026-06-28,avin_novor,1649080,4,Two Point Campus
1783085572703,2026-07-03,2026-06-28,alexwifi42,1167750,1,The Lamplighters League
1783086297262,2026-07-03,2026-06-28,madagascaradam,2190950,4,WORDKOUR
1783086375275,2026-07-03,2026-06-28,xiaoxiao9313,225080,1,Brothers - A Tale of Two Sons
1783086599744,2026-07-03,2026-06-28,thanossoul,46500,1,Syberia
1783086613441,2026-07-03,2026-06-28,silent_luc,473950,4,Manifold Garden
1783086737076,2026-07-03,2026-06-28,valase,237870,4,Planet Explorers
1783086964543,2026-07-03,2026-06-28,yurigiu,2635410,1,Holdfast: Nations At War - Testing Branch
1783086998795,2026-07-03,2026-06-28,avin_novor,597820,4,BIOMUTANT
1783087362040,2026-07-03,2026-06-28,ivanpetrov32,956030,4,Creaks
1783087578886,2026-07-03,2026-06-28,xiaoxiao9313,1206620,1,Soul Axiom Rebooted
1783087780381,2026-07-03,2026-06-28,thanossoul,379720,1,DOOM
1783088021668,2026-07-03,2026-06-28,snoopys030,1269640,1,Beacon Pines
1783089171367,2026-07-03,2026-06-28,xiaoxiao9313,1252240,1,Aeon Drive
1783089502145,2026-07-03,2026-06-28,alphonsoe,1145360,4,Hades
1783090227532,2026-07-03,2026-06-28,alyssrentori,1046790,4,Eternal Threads
1783090410352,2026-07-03,2026-06-28,alfims,448510,1,Overcooked
1783090933747,2026-07-03,2026-06-28,xiaoxiao9313,1631270,1,StarRupture
1783090937739,2026-07-03,2026-06-28,slay_da_b,1410640,4,Syberia - The World Before
1783091451548,2026-07-03,2026-06-28,shadowladyex,2561580,4,Horizon Zero Dawn™ Remastered
1783091576350,2026-07-03,2026-06-28,silent_luc,524220,4,NieR:Automata
1783091593764,2026-07-03,2026-06-28,puphik,2005010,1,Warhammer 40,000: Boltgun
1783091708240,2026-07-03,2026-06-28,yurigiu,1577250,4,The Chant
1783091794696,2026-07-03,2026-06-28,alfims,314790,4,Silence
1783092020512,2026-07-03,2026-06-28,alexwifi42,815370,1,Green Hell
1783092152752,2026-07-03,2026-06-28,xiaoxiao9313,3866300,1,Running Fable Petite Party
1783092162138,2026-07-03,2026-06-28,dahhel,612880,4,Wolfenstein II: The New Colossus
1783092216689,2026-07-03,2026-06-28,alburldador,314030,4,Guilty Gear X2 #Reload
1783092382751,2026-07-03,2026-06-28,thanossoul,2186680,1,Warhammer 40,000: Rogue Trader
1783092485919,2026-07-03,2026-06-28,madagascaradam,202750,4,Alan Wake's American Nightmare
1783092544968,2026-07-03,2026-06-28,alphonsoe,1593500,4,God of War
1783092940561,2026-07-03,2026-06-28,xiaoxiao9313,1718130,1,SCP : Secret Files
1783093322045,2026-07-03,2026-06-28,thanossoul,395620,1,Ittle Dew 2
1783093355735,2026-07-03,2026-06-28,alphonsoe,498240,4,Batman - The Telltale Series
1783093856008,2026-07-03,2026-06-28,xiaoxiao9313,900040,1,ELEX II
1783093917709,2026-07-03,2026-06-28,dahhel,1577120,4,The Quarry
1783094990847,2026-07-03,2026-06-28,thanossoul,429570,1,The Walking Dead: Michonne
1783095013280,2026-07-03,2026-06-28,madagascaradam,377160,4,Fallout 4
1783095253770,2026-07-03,2026-06-28,xiaoxiao9313,1822900,1,Soulflow
1783095560292,2026-07-03,2026-06-28,thanossoul,3399980,1,Down the Rabbit Hole Flattened
1783095593077,2026-07-03,2026-06-28,johnnymnemonics,13530,4,Prince of Persia: The Two Thrones
1783095626232,2026-07-03,2026-06-28,slay_da_b,710920,4,Darksiders Genesis
1783095753250,2026-07-03,2026-06-28,alyssrentori,720660,4,Overloop
1783095788220,2026-07-03,2026-06-28,avin_novor,1341820,4,As Dusk Falls
1783096514230,2026-07-03,2026-06-28,dahhel,612880,4,Wolfenstein II: The New Colossus
1783096584912,2026-07-03,2026-06-28,thanossoul,236730,1,Anomaly 2
1783096961629,2026-07-03,2026-06-28,lovegamesandthings00000,200260,1,Batman: Arkham City GOTY
1783097417484,2026-07-03,2026-06-28,madagascaradam,343860,4,Tacoma
1783097427636,2026-07-03,2026-06-28,alexwifi42,617290,1,Remnant: From the Ashes
1783098052853,2026-07-03,2026-06-28,thanossoul,1543240,1,Gigapocalypse
1783098158378,2026-07-03,2026-06-28,player0451,1245430,4,Golden Light
1783098271232,2026-07-03,2026-06-28,lillakra,1903560,4,Atomic Picnic
1783098648140,2026-07-03,2026-06-28,llucholba,2002550,4,Chloe Puzzle Game
1783099980047,2026-07-03,2026-06-28,player0451,40800,4,Super Meat Boy
1783100036616,2026-07-03,2026-06-28,valase,237870,4,Planet Explorers
1783100054090,2026-07-03,2026-06-28,xiaoxiao9313,1099640,1,Jack Move
1783100581184,2026-07-03,2026-06-28,alyssrentori,1493640,1,Banishers: Ghosts of New Eden
1783100593242,2026-07-03,2026-06-28,player0451,1282100,4,Remnant II
1783100753730,2026-07-03,2026-06-28,llucholba,1016790,4,West of Dead
1783101164578,2026-07-03,2026-06-28,player0451,379720,4,DOOM
1783102022140,2026-07-03,2026-06-28,pika_gamy,383180,4,Dead Island Riptide Definitive Edition
1783102159368,2026-07-03,2026-06-28,mori2323,1549690,4,SPRAWL
1783102447287,2026-07-03,2026-06-28,player0451,9200,4,RAGE
1783102477585,2026-07-03,2026-06-28,ivanpetrov32,7670,4,BioShock
1783102594169,2026-07-03,2026-06-28,avin_novor,1627840,4,Universe For Sale
1783102992196,2026-07-03,2026-06-28,alburldador,1108000,4,Children of Silentown
1783103026617,2026-07-03,2026-06-28,ura3535,916910,1,Infommi
1783103262588,2026-07-03,2026-06-28,xiaoxiao9313,437630,1,State of Mind
1783103517633,2026-07-03,2026-06-28,thanossoul,238210,1,System Shock 2
1783103677719,2026-07-03,2026-06-28,operacional_cae,2933080,4,Crime Boss: Rockay City
1783103931367,2026-07-03,2026-06-28,ura3535,889910,1,Hell Pie
1783103934928,2026-07-03,2026-06-28,johnnymnemonics,1681870,4,Cobra Kai 2: Dojos Rising
1783104027726,2026-07-03,2026-06-28,player0451,865610,4,Backbone
1783104357047,2026-07-03,2026-06-28,louis_of_apshai,1272010,4,Destroyer: The U-Boat Hunter
1783104430406,2026-07-03,2026-06-28,thanossoul,870780,1,Control Ultimate Edition
1783104515135,2026-07-03,2026-06-28,ura3535,405830,1,Turok 2: Seeds of Evil
1783104789838,2026-07-03,2026-06-28,valase,237870,4,Planet Explorers
1783105341878,2026-07-03,2026-06-28,ura3535,601360,1,Portal: Revolution
1783105371326,2026-07-03,2026-06-28,yurigiu,338320,1,Pixel Heroes: Byte
1783105382739,2026-07-03,2026-06-28,calypso_ba,675260,4,Batman: The Enemy Within - The Telltale Series
1783105620992,2026-07-03,2026-06-28,thanossoul,976310,1,Mortal Kombat 11
1783105745976,2026-07-03,2026-06-28,cerebralx1,2521380,4,Legacy of Kain Soul Reaver 1
1783105971500,2026-07-03,2026-06-28,puphik,1049410,1,Superliminal
1783106033228,2026-07-03,2026-06-28,alexwifi42,1164940,1,Trepang2
1783106312892,2026-07-03,2026-06-28,ura3535,1747890,1,Demon Turf: Neon Splash
1783106702330,2026-07-03,2026-06-28,thanossoul,55110,1,Red Faction: Armageddon
1783106726304,2026-07-03,2026-06-28,alexwifi42,1597580,1,Clid the Snail
1783107168172,2026-07-03,2026-06-28,thanossoul,1306630,1,Lost Ruins
1783107599902,2026-07-03,2026-06-28,player0451,375460,1,16bit Trader
1783107981594,2026-07-03,2026-06-28,thanossoul,678850,1,Uurnog Uurnlimited
1783108888924,2026-07-03,2026-06-28,louis_of_apshai,1850570,4,DEATH STRANDING DIRECTOR'S CUT
1783109114620,2026-07-03,2026-06-28,alfims,7500,1,UFO: Afterlight - Old Version
1783109174543,2026-07-03,2026-06-28,ura3535,386180,1,Crossout
1783109392448,2026-07-03,2026-06-28,valase,237870,4,Planet Explorers
1783109586611,2026-07-03,2026-06-28,lovegamesandthings00000,711660,1,CHUCHEL
1783109772417,2026-07-03,2026-06-28,ura3535,1932570,1,Jaded
1783110022461,2026-07-03,2026-06-28,thanossoul,601360,1,Portal: Revolution
1783110472067,2026-07-03,2026-06-28,ura3535,463150,1,BARRIER X
1783110791923,2026-07-03,2026-06-28,louis_of_apshai,1328350,4,Turbo Overkill
1783111608397,2026-07-03,2026-06-28,thanossoul,498240,1,Batman - The Telltale Series
1783112187569,2026-07-03,2026-06-28,thanossoul,505230,1,Pathologic 2
1783112322982,2026-07-03,2026-06-28,puphik,3830,1,Psychonauts
1783112612155,2026-07-03,2026-06-28,alburldador,1983260,4,Dungeons of Hinterberg
1783112806840,2026-07-03,2026-06-28,llucholba,818320,4,LEGO The Incredibles
1783112865822,2026-07-03,2026-06-28,ura3535,350640,1,Sherlock Holmes: The Devil's Daughter
1783112911743,2026-07-03,2026-06-28,pika_gamy,203160,4,Tomb Raider
1783113866255,2026-07-03,2026-06-28,valase,237870,2,Planet Explorers
1783114037425,2026-07-03,2026-06-28,thanossoul,1794680,1,Vampire Survivors
1783114470469,2026-07-03,2026-06-28,whitepai,250260,1,Jazzpunk: Director's Cut
1783114617679,2026-07-03,2026-06-28,madagascaradam,815370,4,Green Hell
1783114799387,2026-07-03,2026-06-28,silent_luc,379720,4,DOOM
1783115088089,2026-07-03,2026-06-28,thanossoul,827610,1,Dead End Job
1783115406204,2026-07-03,2026-06-28,alburldador,3800,4,Advent Rising
1783115530518,2026-07-03,2026-06-28,yurigiu,1430760,1,Aquarist
1783116150293,2026-07-03,2026-06-28,whitepai,787810,1,Rogue Heroes: Ruins of Tasos
1783119759085,2026-07-03,2026-06-28,pika_gamy,55110,4,Red Faction: Armageddon
1783120024385,2026-07-03,2026-06-28,player0451,9200,1,RAGE
1783120063208,2026-07-03,2026-06-28,whitepai,70,1,Half-Life
1783120112627,2026-07-03,2026-06-28,snoopys030,498240,4,Batman - The Telltale Series
1783121797202,2026-07-03,2026-06-28,dahhel,377160,4,Fallout 4
1783121855342,2026-07-03,2026-06-28,alexwifi42,520720,1,Dear Esther: Landmark Edition
1783122081822,2026-07-03,2026-06-28,puphik,1265860,1,NASCAR Heat 5
1783122133305,2026-07-03,2026-06-28,ikaliayev,512900,4,Streets of Rogue
1783122376770,2026-07-03,2026-06-28,dahhel,237870,4,Planet Explorers
1783122416164,2026-07-03,2026-06-28,louis_of_apshai,3399980,4,Down the Rabbit Hole Flattened
1783123055354,2026-07-03,2026-06-28,madagascaradam,1455840,4,Dorfromantik
1783123564674,2026-07-04,2026-06-28,whitepai,1454970,1,New Tales from the Borderlands
1783123656113,2026-07-04,2026-06-28,alfims,506900,4,Downward: Enhanced Edition
1783124176009,2026-07-04,2026-06-28,player0451,2710420,1,BUMS
1783124729767,2026-07-04,2026-06-28,shadowladyex,498240,4,Batman - The Telltale Series
1783124910083,2026-07-04,2026-06-28,alexwifi42,1953520,1,WRC Generations - The FIA WRC Official Game
1783125354202,2026-07-04,2026-06-28,ikaliayev,268910,4,Cuphead
1783125868399,2026-07-04,2026-06-28,ivanpetrov32,1315980,4,Tin Can
1783126880682,2026-07-04,2026-06-28,silent_luc,9070,4,DOOM 3: Resurrection of Evil
1783126883766,2026-07-04,2026-06-28,ragnar175,870780,4,Control Ultimate Edition
1783127214190,2026-07-04,2026-06-28,avin_novor,1401730,4,crashlands 2
1783127301722,2026-07-04,2026-06-28,pika_gamy,1573390,2,Lilas Sky Ark
1783127797288,2026-07-04,2026-06-28,ragnar175,292030,4,The Witcher 3: Wild Hunt
1783128116582,2026-07-04,2026-06-28,louis_of_apshai,574980,4,Them's Fightin' Herds
1783128307267,2026-07-04,2026-06-28,shadowladyex,612880,4,Wolfenstein II: The New Colossus
1783128417087,2026-07-04,2026-06-28,snoopys030,1190170,4,OlliOlli World
1783128438136,2026-07-04,2026-06-28,pika_gamy,307780,2,Mortal Kombat X
1783128565022,2026-07-04,2026-06-28,thanossoul,352400,1,LEGO Jurassic World
1783129454633,2026-07-04,2026-06-28,madagascaradam,673450,4,Time Lock VR 1
1783130347744,2026-07-04,2026-06-28,alyssrentori,1390410,4,Midnight Fight Express
1783130377128,2026-07-04,2026-06-28,slay_da_b,1920490,4,The Outer Worlds: Spacer's Choice Edition
1783130445365,2026-07-04,2026-06-28,silent_luc,238210,4,System Shock 2
1783131855214,2026-07-04,2026-06-28,valase,237870,4,Planet Explorers
1783132521967,2026-07-04,2026-06-28,thanossoul,313780,1,Conarium
1783133281958,2026-07-04,2026-06-28,player0451,1247360,2,Grand Mountain Adventure
1783133316241,2026-07-04,2026-06-28,ivanpetrov32,747470,4,Doughlings: Arcade
1783133556897,2026-07-04,2026-06-28,thanossoul,13500,1,Prince of Persia: Warrior Within
1783134745347,2026-07-04,2026-06-28,avin_novor,957960,4,Inkulinati
1783135270149,2026-07-04,2026-06-28,player0451,2181720,3,Scarlet Tower
1783135859003,2026-07-04,2026-06-28,llucholba,473950,4,Manifold Garden
1783135947054,2026-07-04,2026-06-28,avin_novor,1649240,4,Returnal™
1783136168501,2026-07-04,2026-06-28,slay_da_b,720660,4,Overloop
1783136340247,2026-07-04,2026-06-28,shadowladyex,2561580,4,Horizon Zero Dawn™ Remastered
1783136580734,2026-07-04,2026-06-28,xiaoxiao9313,1577250,1,The Chant
1783136655930,2026-07-04,2026-06-28,alburldador,727850,4,ELDERBORN
1783136886233,2026-07-04,2026-06-28,llucholba,2024870,4,The Lobster Game
1783137397000,2026-07-04,2026-06-28,player0451,1747890,1,Demon Turf: Neon Splash
1783138516429,2026-07-04,2026-06-28,llucholba,1244460,4,Jurassic World Evolution 2
1783138617403,2026-07-04,2026-06-28,xiaoxiao9313,243120,1,Betrayer
1783138625343,2026-07-04,2026-06-28,alburldador,1903560,4,Atomic Picnic
1783138859680,2026-07-04,2026-06-28,ikaliayev,1335790,4,Operation Tango
1783139406758,2026-07-04,2026-06-28,puphik,485440,1,Call Of The Mighty Warriors
1783139515154,2026-07-04,2026-06-28,slay_da_b,924970,4,Back 4 Blood
1783141017354,2026-07-04,2026-06-28,xiaoxiao9313,2918130,1,Deepest Trench
1783141346250,2026-07-04,2026-07-05,alfims,865610,4,Backbone
1783141367603,2026-07-04,2026-07-05,ikaliayev,433340,4,Slime Rancher
1783141727695,2026-07-04,2026-07-05,xiaoxiao9313,2521380,1,Legacy of Kain Soul Reaver 1
1783141767273,2026-07-04,2026-07-05,alphonsoe,32360,4,The Secret of Monkey Island: Special Edition
1783142469829,2026-07-04,2026-07-05,xiaoxiao9313,1736290,1,Crime O'Clock
1783143359664,2026-07-04,2026-07-05,mori2323,528720,4,Shu
1783144303982,2026-07-04,2026-07-05,xiaoxiao9313,204120,1,LEGO Harry Potter: Years 5-7
1783144665712,2026-07-04,2026-07-05,alfims,1712840,1,Tiny Tina's Assault on Dragon Keep: A Wonderlands One-shot Adventure
1783144910475,2026-07-04,2026-07-05,snoopys030,57620,4,Patrician IV: Steam Special Edition
1783145374643,2026-07-04,2026-07-05,alfims,584980,1,Late Shift
1783146072124,2026-07-04,2026-07-05,avin_novor,1730700,4,We Love Katamari REROLL  Royal Reverie
1783146627191,2026-07-04,2026-07-05,xiaoxiao9313,466130,1,White Day: A Labyrinth Named School
1783147298317,2026-07-04,2026-07-05,alfims,1803400,1,Beneath Oresa
1783147404430,2026-07-04,2026-07-05,alphonsoe,21000,4,LEGO Batman: The Videogame
1783147470788,2026-07-04,2026-07-05,darkranx,1605250,4,Moros Protocol
1783147886316,2026-07-04,2026-07-05,alfims,1349830,1,RONIN: Two Souls CHAPTER 1
1783148363827,2026-07-04,2026-07-05,mori2323,4138160,4,Kawaii Survivors
1783148443554,2026-07-04,2026-07-05,darkranx,269650,4,Dex
1783148860220,2026-07-04,2026-07-05,alfims,204120,1,LEGO Harry Potter: Years 5-7
1783149257693,2026-07-04,2026-07-05,mori2323,887450,4,Tunche
1783149269257,2026-07-04,2026-07-05,alphonsoe,589360,4,Ni no Kuni II: Revenant Kingdom
1783149278070,2026-07-04,2026-07-05,madagascaradam,1237510,4,Dr Livingstone, I presume? - Reversed Escape Room
1783149380717,2026-07-04,2026-07-05,rafsongames,65500,1,Aura: Fate of the Ages
1783150022173,2026-07-04,2026-07-05,rafsongames,2920510,1,Werewolf Party
1783150095943,2026-07-04,2026-07-05,leonardo90pl,1200580,1,One Gun Guy
1783150180448,2026-07-04,2026-07-05,calypso_ba,32460,4,Monkey Island 2: Special Edition
1783150518995,2026-07-04,2026-07-05,darkranx,848350,4,Katamari Damacy REROLL
1783150612920,2026-07-04,2026-07-05,robin3one,105000,4,A New Beginning - Final Cut
1783150883651,2026-07-04,2026-07-05,alfims,1047220,1,Frog Detective 2: The Case of the Invisible Wizard
1783151132400,2026-07-04,2026-07-05,rafsongames,2087940,1,Non-Stop Raiders
1783151990661,2026-07-04,2026-07-05,alfims,225080,1,Brothers - A Tale of Two Sons
1783152004575,2026-07-04,2026-07-05,xiaoxiao9313,889910,1,Hell Pie
1783152218226,2026-07-04,2026-07-05,robin3one,1676910,4,Onde
1783152277223,2026-07-04,2026-07-05,pika_gamy,1173740,2,Woodle Tree 2: Deluxe+
1783152349488,2026-07-04,2026-07-05,leonardo90pl,1528050,1,Underland
1783152419046,2026-07-04,2026-07-05,puphik,209330,1,A Valley Without Wind
1783152777394,2026-07-04,2026-07-05,rafsongames,1628130,1,Who Pressed Mute on Uncle Marcus?
1783153404405,2026-07-04,2026-07-05,xiaoxiao9313,236730,1,Anomaly 2
1783153434513,2026-07-04,2026-07-05,robin3one,3247750,4,Mycopunk
1783154071509,2026-07-04,2026-07-05,rafsongames,297570,1,Warrior Kings
1783154607622,2026-07-04,2026-07-05,xiaoxiao9313,1873120,1,No Love Lost
1783155123807,2026-07-04,2026-07-05,darkranx,1087760,4,The Gunk
1783155135684,2026-07-04,2026-07-05,yurigiu,202750,4,Alan Wake's American Nightmare
1783155386100,2026-07-04,2026-07-05,rafsongames,1116260,1,SAMUDRA
1783155463883,2026-07-04,2026-07-05,mori2323,1510630,4,Everybody Wham Wham
1783155734105,2026-07-04,2026-07-05,calypso_ba,617290,4,Remnant: From the Ashes
1783155794907,2026-07-04,2026-07-05,robin3one,2186680,4,Warhammer 40,000: Rogue Trader
1783155808651,2026-07-04,2026-07-05,snoopys030,1803400,4,Beneath Oresa
1783155892948,2026-07-04,2026-07-05,leonardo90pl,2128690,1,Super Block Crush
1783156085652,2026-07-04,2026-07-05,rafsongames,1681870,1,Cobra Kai 2: Dojos Rising
1783156407956,2026-07-04,2026-07-05,robin3one,4168040,1,17 MPH
1783156749334,2026-07-04,2026-07-05,xiaoxiao9313,1016790,1,West of Dead
1783157075638,2026-07-04,2026-07-05,robin3one,1049410,4,Superliminal
1783157298434,2026-07-04,2026-07-05,ikaliayev,1145360,4,Hades
1783157686545,2026-07-04,2026-07-05,robin3one,837880,4,You Suck at Parking - Complete Edition
1783158025561,2026-07-04,2026-07-05,darkranx,461950,4,Beat Cop
1783158103845,2026-07-04,2026-07-05,valase,374040,1,Portal Knights
1783158312842,2026-07-04,2026-07-05,lovegamesandthings00000,874260,1,The Forgotten City
1783158522583,2026-07-04,2026-07-05,xiaoxiao9313,1766740,1,Choo-Choo Charles
1783159248795,2026-07-04,2026-07-05,yurigiu,202750,4,Alan Wake's American Nightmare
1783159497494,2026-07-04,2026-07-05,shadowladyex,498240,3,Batman - The Telltale Series
1783159513867,2026-07-04,2026-07-05,xiaoxiao9313,1084640,1,Chicken Police
1783159647715,2026-07-04,2026-07-05,mori2323,782330,2,DOOM Eternal
1783160001711,2026-07-04,2026-07-05,slay_da_b,870780,4,Control Ultimate Edition
1783160007855,2026-07-04,2026-07-05,alphonsoe,21000,4,LEGO Batman: The Videogame
1783160138961,2026-07-04,2026-07-05,alfims,1056970,4,Wolfenstein: Cyberpilot
1783161138118,2026-07-04,2026-07-05,alexwifi42,378540,1,The Surge
1783161179663,2026-07-04,2026-07-05,silent_luc,2320,4,Quake II
1783161251380,2026-07-04,2026-07-05,xiaoxiao9313,1687950,1,Persona 5 Royal
1783161988157,2026-07-04,2026-07-05,slay_da_b,1139900,4,Ghostrunner
1783162035292,2026-07-04,2026-07-05,yurigiu,461950,4,Beat Cop
1783162285404,2026-07-04,2026-07-05,xiaoxiao9313,2354930,1,Counterclocking
1783162695375,2026-07-04,2026-07-05,cerebralx1,1794680,4,Vampire Survivors
1783162961728,2026-07-04,2026-07-05,robin3one,1927720,1,Monument Valley
1783163358045,2026-07-04,2026-07-05,alexwifi42,640590,1,The LEGO NINJAGO Movie Video Game
1783163754641,2026-07-04,2026-07-05,pika_gamy,424840,2,Little Nightmares
1783163937317,2026-07-04,2026-07-05,xiaoxiao9313,216150,1,MapleStory
1783164113790,2026-07-04,2026-07-05,yurigiu,1148590,4,DOOM 64
1783164122196,2026-07-04,2026-07-05,louis_of_apshai,252570,4,Depths of Fear :: Knossos
1783164427540,2026-07-04,2026-07-05,cerebralx1,2280,4,DOOM (1993)
1783165333113,2026-07-04,2026-07-05,cerebralx1,1681430,4,RoboCop: Rogue City
1783165686171,2026-07-04,2026-07-05,silent_luc,1283410,4,Tails of Iron
1783166020734,2026-07-04,2026-07-05,alexwifi42,738520,1,Breathedge
1783166243099,2026-07-04,2026-07-05,thanossoul,584980,1,Late Shift
1783166339236,2026-07-04,2026-07-05,pika_gamy,1898290,2,LEGO Bricktales
1783166551669,2026-07-04,2026-07-05,cerebralx1,1815570,4,Aces and Adventures
1783166847990,2026-07-04,2026-07-05,mori2323,1908720,1,Half-Life: VR Mod
1783166891768,2026-07-04,2026-07-05,thanossoul,57740,1,Jagged Alliance - Back in Action
1783166977843,2026-07-04,2026-07-05,alphonsoe,32360,4,The Secret of Monkey Island: Special Edition
1783167297691,2026-07-04,2026-07-05,xiaoxiao9313,1839880,1,King Of The Castle
1783167597777,2026-07-04,2026-07-05,thanossoul,498240,1,Batman - The Telltale Series
1783168142419,2026-07-04,2026-07-05,alphonsoe,21000,4,LEGO Batman: The Videogame
1783168342847,2026-07-04,2026-07-05,louis_of_apshai,40720,4,Samorost 2
1783168814038,2026-07-04,2026-07-05,xiaoxiao9313,1493640,1,Banishers: Ghosts of New Eden
1783169355201,2026-07-04,2026-07-05,pika_gamy,268910,2,Cuphead
1783169855560,2026-07-04,2026-07-05,cerebralx1,1593500,4,God of War
1783169957556,2026-07-04,2026-07-05,alexwifi42,234140,4,Mad Max
1783170030923,2026-07-04,2026-07-05,thanossoul,1649240,1,Returnal™
1783170079032,2026-07-04,2026-07-05,louis_of_apshai,1155970,4,Roadwarden
1783170316366,2026-07-04,2026-07-05,pika_gamy,341170,2,Adventures of Chris
1783170380830,2026-07-04,2026-07-05,avin_novor,21120,4,F.E.A.R.: Perseus Mandate
1783170450267,2026-07-04,2026-07-05,xiaoxiao9313,6100,1,Eets
1783170893396,2026-07-04,2026-07-05,operacional_cae,35140,4,Batman: Arkham Asylum GOTY Edition
1783171482161,2026-07-04,2026-07-05,alexwifi42,673880,1,Warhammer 40,000: Mechanicus
1783171719176,2026-07-04,2026-07-05,snoopys030,3027930,4,Karate Survivor
1783171826818,2026-07-04,2026-07-05,thanossoul,21090,1,F.E.A.R.
1783172019447,2026-07-04,2026-07-05,operacional_cae,1085660,4,Destiny 2
1783172248965,2026-07-04,2026-07-05,silent_luc,617290,4,Remnant: From the Ashes
1783172438595,2026-07-04,2026-07-05,alphonsoe,21000,3,LEGO Batman: The Videogame
1783172509712,2026-07-04,2026-07-05,thanossoul,674520,1,Fight'N Rage
1783172535898,2026-07-04,2026-07-05,operacional_cae,1148590,4,DOOM 64
1783172987086,2026-07-04,2026-07-05,shadowladyex,548430,4,Deep Rock Galactic
1783173119650,2026-07-04,2026-07-05,yurigiu,322500,4,SUPERHOT
1783173301239,2026-07-04,2026-07-05,lillakra,1016790,4,West of Dead
1783173462800,2026-07-04,2026-07-05,operacional_cae,57900,4,Duke Nukem Forever
1783173518707,2026-07-04,2026-07-05,pika_gamy,1283400,4,Steelrising
1783174019601,2026-07-04,2026-07-05,thanossoul,1361320,1,The Room 4: Old Sins
1783174350146,2026-07-04,2026-07-05,alexwifi42,601360,1,Portal: Revolution
1783174537240,2026-07-04,2026-07-05,slay_da_b,1139900,4,Ghostrunner
1783174839528,2026-07-04,2026-07-05,pika_gamy,1132980,2,There Is No Light
1783175370330,2026-07-04,2026-07-05,ragnar175,203160,1,Tomb Raider
1783175507008,2026-07-04,2026-07-05,thanossoul,325090,1,Deep Dungeons of Doom
1783175756259,2026-07-04,2026-07-05,madagascaradam,866140,4,Arise: A Simple Story
1783175921602,2026-07-04,2026-07-05,ragnar175,1085510,4,Garfield Kart - Furious Racing
1783175956370,2026-07-04,2026-07-05,ikaliayev,421170,4,Indivisible
1783176222408,2026-07-04,2026-07-05,yurigiu,282070,1,This War of Mine
1783176684863,2026-07-04,2026-07-05,ragnar175,1605250,4,Moros Protocol
1783177199181,2026-07-04,2026-07-05,thanossoul,1108000,1,Children of Silentown
1783177272043,2026-07-04,2026-07-05,ragnar175,1493640,4,Banishers: Ghosts of New Eden
1783177408009,2026-07-04,2026-07-05,dahhel,22380,4,Fallout: New Vegas
1783177964852,2026-07-04,2026-07-05,puphik,58400,1,Turba
1783178092292,2026-07-04,2026-07-05,ragnar175,1088850,4,Marvel's Guardians of the Galaxy
1783178121378,2026-07-04,2026-07-05,calypso_ba,979120,4,Autonauts
1783178149952,2026-07-04,2026-07-05,operacional_cae,221810,4,The Cave
1783178692927,2026-07-04,2026-07-05,alexwifi42,731040,4,The Invincible
1783179037183,2026-07-04,2026-07-05,operacional_cae,313780,4,Conarium
1783179056682,2026-07-04,2026-07-05,ragnar175,1859490,4,Planet TD
1783179378674,2026-07-04,2026-07-05,llucholba,1269640,4,Beacon Pines
1783179595140,2026-07-04,2026-07-05,xiaoxiao9313,2684200,1,Splat Arena
1783179628906,2026-07-04,2026-07-05,ragnar175,22330,4,The Elder Scrolls IV: Oblivion
1783180005191,2026-07-04,2026-07-05,thanossoul,105000,1,A New Beginning - Final Cut
1783180060315,2026-07-04,2026-07-05,llucholba,20500,4,Red Faction: Guerrilla Steam Edition
1783180245446,2026-07-04,2026-07-05,alyssrentori,1586800,4,Lil Gator Game
1783180823686,2026-07-04,2026-07-05,madagascaradam,2106670,4,Gatekeeper
1783180831652,2026-07-04,2026-07-05,dahhel,424840,4,Little Nightmares
1783180876198,2026-07-04,2026-07-05,llucholba,1430760,4,Aquarist
1783181251929,2026-07-04,2026-07-05,thanossoul,1374840,1,Dark Deity
1783181540638,2026-07-04,2026-07-05,sassdrake,337000,1,Deus Ex: Mankind Divided
1783181607444,2026-07-04,2026-07-05,xiaoxiao9313,1245430,1,Golden Light
1783181843548,2026-07-04,2026-07-05,thanossoul,976310,1,Mortal Kombat 11
1783181950322,2026-07-04,2026-07-05,llucholba,1661630,4,KarmaZoo
1783181954964,2026-07-04,2026-07-05,alfims,367080,4,Songbringer
1783181980815,2026-07-04,2026-07-05,calypso_ba,1944430,4,Amnesia: The Bunker
1783182181202,2026-07-04,2026-07-05,player0451,621060,4,PC Building Simulator
1783182298247,2026-07-04,2026-07-05,dahhel,612880,4,Wolfenstein II: The New Colossus
1783183031076,2026-07-04,2026-07-05,xiaoxiao9313,3898920,1,Starforged Legacy Playtest
1783183158770,2026-07-04,2026-07-05,alyssrentori,278360,4,A StorY About My Uncle
1783183740432,2026-07-04,2026-07-05,calypso_ba,32460,4,Monkey Island 2: Special Edition
1783183752647,2026-07-04,2026-07-05,slay_da_b,22330,4,The Elder Scrolls IV: Oblivion
1783183875532,2026-07-04,2026-07-05,thanossoul,830370,1,Monster Crown
1783184110342,2026-07-04,2026-07-05,alexwifi42,815370,1,Green Hell
1783184375300,2026-07-04,2026-07-05,xiaoxiao9313,1316530,1,Buster's Tower Defense