username,amount,reason,source,timestamp,date,day
lmbs00,78,vote +40🔥,vodVote,1785556819326,2026-08-01,Sat
lmbs00,90,Phase 3: CPU,bootLoop,1785556954147,2026-08-01,Sat
xiaoxiao9313,90,Phase 3: CPU,bootLoop,1785556954155,2026-08-01,Sat
alburldador,90,Phase 3: CPU,bootLoop,1785556954162,2026-08-01,Sat
avin_novor,90,Phase 3: CPU,bootLoop,1785556954179,2026-08-01,Sat
shadowladyex,90,Phase 3: CPU,bootLoop,1785556954186,2026-08-01,Sat
ikaliayev,90,Phase 3: CPU,bootLoop,1785556954189,2026-08-01,Sat
snoopys030,90,Phase 3: CPU,bootLoop,1785556954211,2026-08-01,Sat
valase,90,Phase 3: CPU,bootLoop,1785556954224,2026-08-01,Sat
dahhel,90,Phase 3: CPU,bootLoop,1785556954546,2026-08-01,Sat
valase,61,vote +23🔥,vodVote,1785556975001,2026-08-01,Sat
shadowladyex,40,vote +2🔥,vodVote,1785557074311,2026-08-01,Sat
ikaliayev,80,vote +42🔥,vodVote,1785557281133,2026-08-01,Sat
alburldador,44,overtimeOverdose (1),vodVote,1785557728977,2026-08-01,Sat
slay_da_b,147,AI Art word: gypsy,art,1785557731780,2026-08-01,Sat
ikaliayev,41,overtimeOverdose (2),vodVote,1785557739596,2026-08-01,Sat
alfims,38,vote ,vodVote,1785557739641,2026-08-01,Sat
alfims,38,overtimeOverdose (3),vodVote,1785557742039,2026-08-01,Sat
slay_da_b,35,overtimeOverdose (4),vodVote,1785557750833,2026-08-01,Sat
alfims,132,Gauntlet vote: No Man's Sky [v:4],gauntlet,1785557755120,2026-08-01,Sat
slay_da_b,38,vote ,vodVote,1785557755905,2026-08-01,Sat
dahhel,32,overtimeOverdose (5),vodVote,1785557786514,2026-08-01,Sat
lmbs00,29,overtimeOverdose (6),vodVote,1785557851017,2026-08-01,Sat
slay_da_b,132,Gauntlet vote: Fallout 4 [v:4],gauntlet,1785557853856,2026-08-01,Sat
shadowladyex,26,overtimeOverdose (7),vodVote,1785557860445,2026-08-01,Sat
llucholba,39,vote +1🔥,vodVote,1785557872081,2026-08-01,Sat
valase,23,overtimeOverdose (8),vodVote,1785557873964,2026-08-01,Sat
zoskycube,1,Ending round with !v###,vodVote,1785557874499,2026-08-01,Sat
shadowladyex,361,502104+361 winning @ vodVote,vodVote,1785557874841,2026-08-01,Sat
llucholba,1000,Voucher: dailyDose,voucher,1785557928392,2026-08-01,Sat
lmbs00,79,vote +41🔥,vodVote,1785557992638,2026-08-01,Sat
llucholba,105,AI Art word: energy,art,1785558005334,2026-08-01,Sat
dahhel,76,vote +38🔥,vodVote,1785558039742,2026-08-01,Sat
ikaliayev,81,vote +43🔥,vodVote,1785558044018,2026-08-01,Sat
xiaoxiao9313,38,vote ,vodVote,1785558089493,2026-08-01,Sat
xiaoxiao9313,33,Gauntlet vote: The Witcher 3: Wild Hunt [v:1],gauntlet,1785558096982,2026-08-01,Sat
dahhel,132,Gauntlet vote: Fallout 4 [v:4],gauntlet,1785558114517,2026-08-01,Sat
xiaoxiao9313,147,AI Art word: perfume,art,1785558182317,2026-08-01,Sat
valase,62,vote +24🔥,vodVote,1785558260684,2026-08-01,Sat
valase,132,Gauntlet vote: Noita [v:4],gauntlet,1785558321624,2026-08-01,Sat
alburldador,-25732,Redeemed: Corpse of Discovery,redeem,1785558330472,2026-08-01,Sat
shadowladyex,41,vote +3🔥,vodVote,1785558409806,2026-08-01,Sat
snoopys030,43,vote +5🔥,vodVote,1785558506168,2026-08-01,Sat
alfims,45,Phase 1: CPU,bootLoop,1785558554742,2026-08-01,Sat
ikaliayev,45,Phase 1: CPU,bootLoop,1785558554755,2026-08-01,Sat
xiaoxiao9313,45,Phase 1: CPU,bootLoop,1785558554767,2026-08-01,Sat
lmbs00,45,Phase 1: CPU,bootLoop,1785558554780,2026-08-01,Sat
valase,45,Phase 1: CPU,bootLoop,1785558554783,2026-08-01,Sat
dahhel,45,Phase 1: CPU,bootLoop,1785558554788,2026-08-01,Sat
slay_da_b,45,Phase 1: CPU,bootLoop,1785558554793,2026-08-01,Sat
snoopys030,45,Phase 1: CPU,bootLoop,1785558554795,2026-08-01,Sat
llucholba,45,Phase 1: CPU,bootLoop,1785558554798,2026-08-01,Sat
shadowladyex,45,Phase 1: CPU,bootLoop,1785558554803,2026-08-01,Sat
alburldador,45,Phase 1: CPU,bootLoop,1785558554810,2026-08-01,Sat
alburldador,44,overtimeOverdose (1),vodVote,1785558636930,2026-08-01,Sat
lmbs00,41,overtimeOverdose (2),vodVote,1785558639924,2026-08-01,Sat
ikaliayev,38,overtimeOverdose (3),vodVote,1785558641716,2026-08-01,Sat
dahhel,35,overtimeOverdose (4),vodVote,1785558646155,2026-08-01,Sat
puphik,32,overtimeOverdose (5),vodVote,1785558801500,2026-08-01,Sat
zoskycube,1,Ending round with !v###,vodVote,1785558812553,2026-08-01,Sat
madagascaradam,4540,Referral bonus (8 referrals),referral,1785558870920,2026-08-01,Sat
alburldador,38,vote ,vodVote,1785558925499,2026-08-01,Sat
dahhel,77,vote +39🔥,vodVote,1785558939384,2026-08-01,Sat
valase,65,Phase 2: GPU,bootLoop,1785558959802,2026-08-01,Sat
ikaliayev,65,Phase 2: GPU,bootLoop,1785558959828,2026-08-01,Sat
dahhel,65,Phase 2: GPU,bootLoop,1785558959847,2026-08-01,Sat
alburldador,65,Phase 2: GPU,bootLoop,1785558959871,2026-08-01,Sat
lmbs00,65,Phase 2: GPU,bootLoop,1785558959874,2026-08-01,Sat
ikaliayev,82,vote +44🔥,vodVote,1785558961096,2026-08-01,Sat
valase,63,vote +25🔥,vodVote,1785559009304,2026-08-01,Sat
madagascaradam,38,vote ,vodVote,1785559043773,2026-08-01,Sat
madagascaradam,132,Gauntlet vote: MythForce [v:4],gauntlet,1785559050790,2026-08-01,Sat
slay_da_b,38,vote ,vodVote,1785559079320,2026-08-01,Sat
avin_novor,38,vote ,vodVote,1785559113044,2026-08-01,Sat
lmbs00,80,vote +42🔥,vodVote,1785559131446,2026-08-01,Sat
shadowladyex,42,vote +4🔥,vodVote,1785559135369,2026-08-01,Sat
slay_da_b,99,Gauntlet vote: Fallout 4 [v:3],gauntlet,1785559153886,2026-08-01,Sat
snoopys030,44,vote +6🔥,vodVote,1785559183466,2026-08-01,Sat
madagascaradam,78,AI Art word: tricky,art,1785559184676,2026-08-01,Sat
slay_da_b,161,AI Art word: trucked,art,1785559187458,2026-08-01,Sat
ragnar175,132,Gauntlet vote: The Witcher 3: Wild Hunt [v:4],gauntlet,1785559281304,2026-08-01,Sat
ragnar175,38,vote ,vodVote,1785559298768,2026-08-01,Sat
shadowladyex,132,Gauntlet vote: Noita [v:4],gauntlet,1785559389865,2026-08-01,Sat
ragnar175,44,overtimeOverdose (1),vodVote,1785559516337,2026-08-01,Sat
shadowladyex,41,overtimeOverdose (2),vodVote,1785559540683,2026-08-01,Sat
valase,38,overtimeOverdose (3),vodVote,1785559557801,2026-08-01,Sat
alburldador,35,overtimeOverdose (4),vodVote,1785559566738,2026-08-01,Sat
dahhel,32,overtimeOverdose (5),vodVote,1785559570389,2026-08-01,Sat
valase,132,Gauntlet vote: Noita [v:4],gauntlet,1785559570749,2026-08-01,Sat
lmbs00,29,overtimeOverdose (6),vodVote,1785559585110,2026-08-01,Sat
ikaliayev,26,overtimeOverdose (7),vodVote,1785559596376,2026-08-01,Sat
ikaliayev,90,Phase 3: HDD,bootLoop,1785559606769,2026-08-01,Sat
dahhel,90,Phase 3: HDD,bootLoop,1785559606780,2026-08-01,Sat
lmbs00,90,Phase 3: HDD,bootLoop,1785559606783,2026-08-01,Sat
snoopys030,90,Phase 3: HDD,bootLoop,1785559606795,2026-08-01,Sat
shadowladyex,90,Phase 3: HDD,bootLoop,1785559606798,2026-08-01,Sat
slay_da_b,90,Phase 3: HDD,bootLoop,1785559606803,2026-08-01,Sat
ragnar175,90,Phase 3: HDD,bootLoop,1785559606806,2026-08-01,Sat
alburldador,90,Phase 3: HDD,bootLoop,1785559606810,2026-08-01,Sat
valase,90,Phase 3: HDD,bootLoop,1785559606815,2026-08-01,Sat
avin_novor,90,Phase 3: HDD,bootLoop,1785559606829,2026-08-01,Sat
madagascaradam,90,Phase 3: HDD,bootLoop,1785559606838,2026-08-01,Sat
aspio9,38,vote ,vodVote,1785559652295,2026-08-01,Sat
ivanpetrov32,38,vote ,vodVote,1785559698317,2026-08-01,Sat
avin_novor,23,overtimeOverdose (8),vodVote,1785559703886,2026-08-01,Sat
ivanpetrov32,23,overtimeOverdose (8),vodVote,1785559704041,2026-08-01,Sat
zoskycube,1,Ending round with !v###,vodVote,1785559712959,2026-08-01,Sat
ivanpetrov32,132,Gauntlet vote: Fallout 4 [v:4],gauntlet,1785559713250,2026-08-01,Sat
ivanpetrov32,1000,Voucher: dailyDose,voucher,1785559722461,2026-08-01,Sat
ragnar175,105,AI Art word: ignoble,art,1785559745809,2026-08-01,Sat
ragnar175,39,vote +1🔥,vodVote,1785559858499,2026-08-01,Sat
shadowladyex,132,Gauntlet vote: Noita [v:4],gauntlet,1785559867161,2026-08-01,Sat
ikaliayev,83,vote +45🔥,vodVote,1785559944676,2026-08-01,Sat
dahhel,78,vote +40🔥,vodVote,1785559957691,2026-08-01,Sat
shadowladyex,43,vote +5🔥,vodVote,1785559960949,2026-08-01,Sat
lmbs00,81,vote +43🔥,vodVote,1785559971137,2026-08-01,Sat
dahhel,33,Gauntlet vote: Warhammer: Chaosbane [v:1],gauntlet,1785559985564,2026-08-01,Sat
avin_novor,39,vote +1🔥,vodVote,1785560021320,2026-08-01,Sat
lovegamesandthings00000,94,AI Art word: craters,art,1785560028596,2026-08-01,Sat
lovegamesandthings00000,38,vote ,vodVote,1785560041641,2026-08-01,Sat
lovegamesandthings00000,132,Gauntlet vote: Batman - The Telltale Series [v:4],gauntlet,1785560053544,2026-08-01,Sat
lovegamesandthings00000,1000,Voucher: dailyDose,voucher,1785560105920,2026-08-01,Sat
alburldador,39,vote +1🔥,vodVote,1785560125871,2026-08-01,Sat
valase,64,vote +26🔥,vodVote,1785560199060,2026-08-01,Sat
snoopys030,45,vote +7🔥,vodVote,1785560286725,2026-08-01,Sat
valase,66,Gauntlet vote: Noita [v:2],gauntlet,1785560361458,2026-08-01,Sat
alphonsoe,38,vote ,vodVote,1785560465835,2026-08-01,Sat
alphonsoe,136,AI Art word: wispy,art,1785560521493,2026-08-01,Sat
ivanpetrov32,105,AI Art word: waited,art,1785560523805,2026-08-01,Sat
ikaliayev,132,"Gauntlet vote: Warhammer 40,000: Boltgun [v:4]",gauntlet,1785560527058,2026-08-01,Sat
ivanpetrov32,132,Gauntlet vote: Alan Wake's American Nightmare [v:4],gauntlet,1785560531773,2026-08-01,Sat
slay_da_b,112,AI Art word: whereby,art,1785560536764,2026-08-01,Sat
alphonsoe,1000,Voucher: dailyDose,voucher,1785560539137,2026-08-01,Sat
slay_da_b,39,vote +1🔥,vodVote,1785560563975,2026-08-01,Sat
aspio9,33,Gauntlet vote: Tropico 3 - Steam Special Edition [v:1],gauntlet,1785560637287,2026-08-01,Sat
alphonsoe,44,overtimeOverdose (1),vodVote,1785560654715,2026-08-01,Sat
alburldador,41,overtimeOverdose (2),vodVote,1785560658254,2026-08-01,Sat
valase,38,overtimeOverdose (3),vodVote,1785560660676,2026-08-01,Sat
alphonsoe,33,Gauntlet vote: The Secret of Monkey Island: Special Edition [v:1],gauntlet,1785560661225,2026-08-01,Sat
ivanpetrov32,39,vote +1🔥,vodVote,1785560669568,2026-08-01,Sat
dahhel,35,overtimeOverdose (4),vodVote,1785560684634,2026-08-01,Sat
avin_novor,32,overtimeOverdose (5),vodVote,1785560696640,2026-08-01,Sat
avin_novor,132,Gauntlet vote: NieR:Automata [v:4],gauntlet,1785560719628,2026-08-01,Sat
ikaliayev,29,overtimeOverdose (6),vodVote,1785560721737,2026-08-01,Sat
ivanpetrov32,26,overtimeOverdose (7),vodVote,1785560746172,2026-08-01,Sat
ikaliayev,157,AI Art word: jasper,art,1785560766673,2026-08-01,Sat
lmbs00,23,overtimeOverdose (8),vodVote,1785560774839,2026-08-01,Sat
snoopys030,20,overtimeOverdose (9),vodVote,1785560783539,2026-08-01,Sat
ragnar175,17,overtimeOverdose (10),vodVote,1785560805712,2026-08-01,Sat
zoskycube,1,Ending round with !v###,vodVote,1785560806289,2026-08-01,Sat
dahhel,79,vote +41🔥,vodVote,1785560917068,2026-08-01,Sat
lmbs00,1000,Voucher: dailyDose,voucher,1785560996438,2026-08-01,Sat
lmbs00,82,vote +44🔥,vodVote,1785561009526,2026-08-01,Sat
alfims,38,vote ,vodVote,1785561033523,2026-08-01,Sat
alfims,132,Gauntlet vote: ROTA [v:4],gauntlet,1785561041700,2026-08-01,Sat
ikaliayev,84,vote +46🔥,vodVote,1785561064408,2026-08-01,Sat
avin_novor,40,vote +2🔥,vodVote,1785561076261,2026-08-01,Sat
alphonsoe,39,vote +1🔥,vodVote,1785561165295,2026-08-01,Sat
valase,65,vote +27🔥,vodVote,1785561193841,2026-08-01,Sat
ikaliayev,45,Phase 1: CPU,bootLoop,1785561250605,2026-08-01,Sat
shadowladyex,45,Phase 1: CPU,bootLoop,1785561250629,2026-08-01,Sat
alphonsoe,45,Phase 1: CPU,bootLoop,1785561250632,2026-08-01,Sat
valase,45,Phase 1: CPU,bootLoop,1785561250643,2026-08-01,Sat
aspio9,45,Phase 1: CPU,bootLoop,1785561250646,2026-08-01,Sat
snoopys030,45,Phase 1: CPU,bootLoop,1785561250650,2026-08-01,Sat
slay_da_b,45,Phase 1: CPU,bootLoop,1785561250662,2026-08-01,Sat
lmbs00,45,Phase 1: CPU,bootLoop,1785561250666,2026-08-01,Sat
avin_novor,45,Phase 1: CPU,bootLoop,1785561250671,2026-08-01,Sat
dahhel,45,Phase 1: CPU,bootLoop,1785561250675,2026-08-01,Sat
alburldador,45,Phase 1: CPU,bootLoop,1785561250680,2026-08-01,Sat
ivanpetrov32,45,Phase 1: CPU,bootLoop,1785561250691,2026-08-01,Sat
ragnar175,45,Phase 1: CPU,bootLoop,1785561250693,2026-08-01,Sat
alfims,45,Phase 1: CPU,bootLoop,1785561250697,2026-08-01,Sat
ivanpetrov32,132,Gauntlet vote: Beat Cop [v:4],gauntlet,1785561268983,2026-08-01,Sat
ragnar175,126,AI Art word: haggle,art,1785561280689,2026-08-01,Sat
ragnar175,40,vote +2🔥,vodVote,1785561290166,2026-08-01,Sat
shadowladyex,44,vote +6🔥,vodVote,1785561298246,2026-08-01,Sat
alburldador,40,vote +2🔥,vodVote,1785561428177,2026-08-01,Sat
alburldador,132,Gauntlet vote: R.I.P.D.: The Game [v:4],gauntlet,1785561442384,2026-08-01,Sat
snoopys030,46,vote +8🔥,vodVote,1785561551555,2026-08-01,Sat
valase,44,overtimeOverdose (1),vodVote,1785561800867,2026-08-01,Sat
ragnar175,41,overtimeOverdose (2),vodVote,1785561812053,2026-08-01,Sat
ivanpetrov32,40,vote +2🔥,vodVote,1785561814006,2026-08-01,Sat
alphonsoe,38,overtimeOverdose (3),vodVote,1785561842237,2026-08-01,Sat
snoopys030,38,overtimeOverdose (3),vodVote,1785561842388,2026-08-01,Sat
dahhel,32,overtimeOverdose (5),vodVote,1785561882590,2026-08-01,Sat
slay_da_b,29,overtimeOverdose (6),vodVote,1785561891630,2026-08-01,Sat
slay_da_b,40,vote +2🔥,vodVote,1785561916453,2026-08-01,Sat
dahhel,132,Gauntlet vote: SteamWorld Dig [v:4],gauntlet,1785561918095,2026-08-01,Sat
lmbs00,26,overtimeOverdose (7),vodVote,1785561929236,2026-08-01,Sat
ikaliayev,23,overtimeOverdose (8),vodVote,1785561947123,2026-08-01,Sat
alphonsoe,123,AI Art word: varitype,art,1785561970710,2026-08-01,Sat
avin_novor,65,Phase 2: GPU,bootLoop,1785561986374,2026-08-01,Sat
shadowladyex,65,Phase 2: GPU,bootLoop,1785561986382,2026-08-01,Sat
alburldador,65,Phase 2: GPU,bootLoop,1785561986393,2026-08-01,Sat
ragnar175,65,Phase 2: GPU,bootLoop,1785561986403,2026-08-01,Sat
ikaliayev,65,Phase 2: GPU,bootLoop,1785561986408,2026-08-01,Sat
dahhel,65,Phase 2: GPU,bootLoop,1785561986412,2026-08-01,Sat
valase,65,Phase 2: GPU,bootLoop,1785561986417,2026-08-01,Sat
slay_da_b,65,Phase 2: GPU,bootLoop,1785561986420,2026-08-01,Sat
lmbs00,65,Phase 2: GPU,bootLoop,1785561986429,2026-08-01,Sat
snoopys030,65,Phase 2: GPU,bootLoop,1785561986433,2026-08-01,Sat
zoskycube,1,Ending round with !v###,vodVote,1785562115613,2026-08-01,Sat
ragnar175,41,vote +3🔥,vodVote,1785562237899,2026-08-01,Sat
shadowladyex,45,vote +7🔥,vodVote,1785562245709,2026-08-01,Sat
alphonsoe,40,vote +2🔥,vodVote,1785562250748,2026-08-01,Sat
lmbs00,83,vote +45🔥,vodVote,1785562329935,2026-08-01,Sat
ikaliayev,85,vote +47🔥,vodVote,1785562331213,2026-08-01,Sat
dahhel,80,vote +42🔥,vodVote,1785562482457,2026-08-01,Sat
snoopys030,47,vote +9🔥,vodVote,1785562526430,2026-08-01,Sat
ivanpetrov32,132,Gauntlet vote: LEGO Bricktales [v:4],gauntlet,1785562614551,2026-08-01,Sat
valase,66,vote +28🔥,vodVote,1785562626960,2026-08-01,Sat
alburldador,41,vote +3🔥,vodVote,1785562759841,2026-08-01,Sat
ivanpetrov32,44,overtimeOverdose (1),vodVote,1785562884232,2026-08-01,Sat
ikaliayev,41,overtimeOverdose (2),vodVote,1785562904359,2026-08-01,Sat
alburldador,38,overtimeOverdose (3),vodVote,1785562915819,2026-08-01,Sat
ivanpetrov32,41,vote +3🔥,vodVote,1785562920040,2026-08-01,Sat
lmbs00,35,overtimeOverdose (4),vodVote,1785562974618,2026-08-01,Sat
dahhel,32,overtimeOverdose (5),vodVote,1785562979236,2026-08-01,Sat
valase,29,overtimeOverdose (6),vodVote,1785562986776,2026-08-01,Sat
alphonsoe,26,overtimeOverdose (7),vodVote,1785563091171,2026-08-01,Sat
avin_novor,41,vote +3🔥,vodVote,1785563122048,2026-08-01,Sat
avin_novor,23,overtimeOverdose (8),vodVote,1785563123871,2026-08-01,Sat
snoopys030,20,overtimeOverdose (9),vodVote,1785563139157,2026-08-01,Sat
shadowladyex,17,overtimeOverdose (10),vodVote,1785563183203,2026-08-01,Sat
zoskycube,1,Ending round with !v###,vodVote,1785563187869,2026-08-01,Sat
ikaliayev,86,vote +48🔥,vodVote,1785563325354,2026-08-01,Sat
alphonsoe,201,AI Art word: gryphon,art,1785563328422,2026-08-01,Sat
dahhel,81,vote +43🔥,vodVote,1785563397355,2026-08-01,Sat
valase,67,vote +29🔥,vodVote,1785563414172,2026-08-01,Sat
ivanpetrov32,45,Phase 1: HDD,bootLoop,1785563470833,2026-08-01,Sat
alphonsoe,45,Phase 1: HDD,bootLoop,1785563470848,2026-08-01,Sat
snoopys030,45,Phase 1: HDD,bootLoop,1785563470851,2026-08-01,Sat
ikaliayev,45,Phase 1: HDD,bootLoop,1785563470859,2026-08-01,Sat
valase,45,Phase 1: HDD,bootLoop,1785563470864,2026-08-01,Sat
lmbs00,45,Phase 1: HDD,bootLoop,1785563470867,2026-08-01,Sat
avin_novor,45,Phase 1: HDD,bootLoop,1785563470872,2026-08-01,Sat
shadowladyex,45,Phase 1: HDD,bootLoop,1785563470877,2026-08-01,Sat
dahhel,45,Phase 1: HDD,bootLoop,1785563470962,2026-08-01,Sat
alburldador,45,Phase 1: HDD,bootLoop,1785563471069,2026-08-01,Sat
ivanpetrov32,84,AI Art word: entered,art,1785563519486,2026-08-01,Sat
lmbs00,84,vote +46🔥,vodVote,1785563600514,2026-08-01,Sat
shadowladyex,46,vote +8🔥,vodVote,1785563644201,2026-08-01,Sat
alphonsoe,41,vote +3🔥,vodVote,1785563695338,2026-08-01,Sat
avin_novor,42,vote +4🔥,vodVote,1785563807226,2026-08-01,Sat
alburldador,42,vote +4🔥,vodVote,1785563838471,2026-08-01,Sat
avin_novor,66,Gauntlet vote: The Isle Tide Hotel [v:2],gauntlet,1785563857726,2026-08-01,Sat
snoopys030,48,vote +10🔥,vodVote,1785563919826,2026-08-01,Sat
slay_da_b,38,vote ,vodVote,1785563920380,2026-08-01,Sat