steamAppId,gameName,cost,quantity,enabled,createdAt,firstSeen,lastSeen
844260,[COMPLETE] Rustler (Grand Theft Horse),139888,1,true,2026-05-13T14:55:37.179Z,2026-09-01T04:00:12.661Z,2026-09-05T04:00:30.882Z
4140630,[DLC] Mai: Child of Ages - Storms of Time,95681,1,true,2026-05-31T13:27:44.507Z,2026-09-01T04:00:12.661Z,2026-09-05T04:00:30.882Z
2376951,[DLC] Turbo Golf Racing: Space Explorers Galactic,266004,1,true,2026-02-13T18:43:21.605Z,2026-09-01T04:00:12.661Z,2026-09-05T04:00:30.882Z
1272840,[EU ONLY] Dordogne,49600,2,true,2026-03-15T09:31:52.051Z,2026-09-01T04:00:12.661Z,2026-09-05T04:00:30.882Z
1793170,[EU ONLY] Racine,25420,1,true,2026-03-15T09:32:56.462Z,2026-09-01T04:00:12.661Z,2026-09-05T04:00:30.882Z
1231990,[NOT GLOBAL] Gestalt: Steam & Cinder,126209,0,false,2026-04-13T10:46:15.711Z,2026-09-01T04:00:12.661Z,2026-09-05T04:00:30.882Z
211820,[NOT🌳] Starbound ,214368,1,true,2026-05-17T12:16:18.501Z,2026-09-01T04:00:12.661Z,2026-09-05T04:00:30.882Z
924970,[US/CA ONLY!] Back 4 Blood,31681,2,true,2026-03-17T14:55:23.220Z,2026-09-01T04:00:12.661Z,2026-09-05T04:00:30.882Z
2525380,[US/CA ONLY] Tomb Raider IV-VI Remastered,25424,1,true,2026-03-15T09:36:52.481Z,2026-09-01T04:00:12.661Z,2026-09-05T04:00:30.882Z
1356140,112 Operator - Call Editor,32000,1,true,2025-10-31T06:43:48.440Z,2026-09-01T04:00:12.661Z,2026-09-05T04:00:30.882Z
1252830,A Juggler's Tale,56736,1,true,2026-08-21T00:30:57.308Z,2026-09-01T04:00:12.661Z,2026-09-05T04:00:30.882Z
1232150,A Little Golf Journey,72960,1,true,2026-04-29T11:48:35.171Z,2026-09-01T04:00:12.661Z,2026-09-05T04:00:30.882Z
852220,Accident,61313,1,true,2026-04-26T13:40:13.884Z,2026-09-01T04:00:12.661Z,2026-09-05T04:00:30.882Z
366760,Adorables,43200,1,true,2026-01-06T17:21:00.550Z,2026-09-01T04:00:12.661Z,2026-09-05T04:00:30.882Z
1517970,Aeterna Noctis,88064,0,false,2026-05-13T14:55:29.713Z,2026-09-01T04:00:12.661Z,2026-09-05T04:00:30.882Z
1210150,Ageless,25438,2,true,2026-05-31T13:27:07.634Z,2026-09-01T04:00:12.661Z,2026-09-05T04:00:30.882Z
2096080,Agent in Depth,37248,1,true,2026-01-06T17:20:07.064Z,2026-09-01T04:00:12.661Z,2026-09-05T04:00:30.882Z
3730,Aliens versus Predator Classic 2000,44480,1,true,2026-05-08T14:58:22.371Z,2026-09-01T04:00:12.661Z,2026-09-05T04:00:30.882Z
673130,AMID EVIL,88672,1,true,2026-07-23T14:03:17.908Z,2026-09-01T04:00:12.661Z,2026-09-05T04:00:30.882Z
2688140,Amidst The Haze,68160,1,true,2026-06-09T23:41:24.881Z,2026-09-01T04:00:12.661Z,2026-09-05T04:00:30.882Z
1812300,Aquatico,95296,1,true,2026-05-02T13:57:27.842Z,2026-09-01T04:00:12.661Z,2026-09-05T04:00:30.882Z
1918040,Army of Ruin,32450,0,true,2026-05-17T12:15:45.860Z,2026-09-01T04:00:12.661Z,2026-09-05T04:00:30.882Z
2596420,Arranger: A Role-Puzzling Adventure,247872,1,true,2026-06-24T14:33:40.521Z,2026-09-01T04:00:12.661Z,2026-09-05T04:00:30.882Z
1229190,ArtPulse,33921,1,true,2026-05-14T12:47:32.758Z,2026-09-01T04:00:12.661Z,2026-09-05T04:00:30.882Z
1259140,Ashina: The Red Witch,25449,1,true,2026-06-09T23:40:55.027Z,2026-09-01T04:00:12.661Z,2026-09-05T04:00:30.882Z
283680,Astebreed: Definitive Edition,40896,0,false,2026-05-19T18:10:36.131Z,2026-09-01T04:00:12.661Z,2026-09-05T04:00:30.882Z
1261520,Asterix & Obelix XXL: Romastered,68801,1,true,2026-04-18T22:59:59.453Z,2026-09-01T04:00:12.661Z,2026-09-05T04:00:30.882Z
1671720,Athenian Rhapsody,78720,1,true,2026-04-22T19:13:47.325Z,2026-09-01T04:00:12.661Z,2026-09-05T04:00:30.882Z
1230530,Atlas Fallen: Reign Of Sand,215456,1,true,2026-06-21T16:07:24.346Z,2026-09-01T04:00:12.661Z,2026-09-05T04:00:30.882Z
753660,AtmaSphere,28800,1,true,2026-05-05T13:58:19.229Z,2026-09-01T04:00:12.661Z,2026-09-05T04:00:30.882Z
2075240,Baby Shark: Sing & Swim Party,72000,0,false,2026-07-22T21:56:16.917Z,2026-09-01T04:00:12.661Z,2026-09-05T04:00:30.882Z
1933190,Bahnsen Knights,59777,0,false,2026-05-08T14:57:52.650Z,2026-09-01T04:00:12.661Z,2026-09-05T04:00:30.882Z
1031120,Bakery Simulator,27489,1,true,2026-06-02T18:58:56.361Z,2026-09-01T04:00:12.661Z,2026-09-05T04:00:30.882Z
424250,Balrum,64193,1,true,2026-05-04T13:36:00.682Z,2026-09-01T04:00:12.661Z,2026-09-05T04:00:30.882Z
2393770,Bang Average Football - Play, Manage, Create,59328,0,false,2026-08-09T04:33:30.052Z,2026-09-01T04:00:12.661Z,2026-09-05T04:00:30.882Z
207020,Bang Bang Racing,68480,3,true,2025-10-31T05:46:16.006Z,2026-09-01T04:00:12.661Z,2026-09-05T04:00:30.882Z
1682320,Barn Finders VR,61024,1,true,2026-06-04T15:16:36.531Z,2026-09-01T04:00:12.661Z,2026-09-05T04:00:30.882Z
1424060,Barn Finders: Amerykan Dream,25444,1,true,2026-06-05T13:58:12.576Z,2026-09-01T04:00:12.661Z,2026-09-05T04:00:30.882Z
1554910,Barn Finders: Bid Wars DLC,26242,1,true,2026-06-05T13:58:05.824Z,2026-09-01T04:00:12.661Z,2026-09-05T04:00:30.882Z
1228870,Bartlow's Dread Machine,28514,1,true,2026-06-03T13:43:53.949Z,2026-09-01T04:00:12.661Z,2026-09-05T04:00:30.882Z
1244950,Battletoads,91649,1,true,2026-08-01T10:21:01.964Z,2026-09-01T04:00:12.661Z,2026-09-05T04:00:30.882Z
49600,Beat Hazard,73920,1,true,2025-11-07T14:48:04.630Z,2026-09-01T04:00:12.661Z,2026-09-05T04:00:30.882Z
231040,Beatbuddy: Tale of the Guardians,31361,0,false,2026-05-31T01:28:23.961Z,2026-09-01T04:00:12.661Z,2026-09-05T04:00:30.882Z
2348540,Berserk B.I.T.S,162688,1,true,2026-08-18T12:16:02.857Z,2026-09-01T04:00:12.661Z,2026-09-05T04:00:30.882Z
1146310,Beyond a Steel Sky,104832,1,true,2026-08-25T16:23:33.295Z,2026-09-01T04:00:12.661Z,2026-09-05T04:00:30.882Z
960990,Beyond: Two Souls,94624,1,true,2026-07-08T11:02:23.435Z,2026-09-01T04:00:12.661Z,2026-09-05T04:00:30.882Z
2397250,Big Helmet Heroes,50752,0,false,2026-06-07T21:44:56.666Z,2026-09-01T04:00:12.661Z,2026-09-05T04:00:30.882Z
21670,Bionic Commando,50881,0,false,2026-05-23T17:19:35.253Z,2026-09-01T04:00:12.661Z,2026-09-05T04:00:30.882Z
8870,BioShock Infinite,256896,1,true,2026-07-18T05:29:13.380Z,2026-09-01T04:00:12.661Z,2026-09-05T04:00:30.882Z
1071870,Biped,82080,1,true,2026-08-23T06:33:49.851Z,2026-09-01T04:00:12.661Z,2026-09-05T04:00:30.882Z
1003890,Blacksad: Under the Skin,91650,1,true,2026-04-27T11:01:46.665Z,2026-09-01T04:00:12.661Z,2026-09-05T04:00:30.882Z
1092660,Blair Witch,285312,0,false,2026-08-27T02:49:09.724Z,2026-09-01T04:00:12.661Z,2026-09-05T04:00:30.882Z
1158940,Blazing Sails,66561,1,true,2026-04-27T11:02:08.538Z,2026-09-01T04:00:12.661Z,2026-09-05T04:00:30.882Z
2825560,Blazing Trail,162048,1,true,2026-02-10T14:55:25.882Z,2026-09-01T04:00:12.661Z,2026-09-05T04:00:30.882Z
692850,Bloodstained: Ritual of the Night,182944,1,true,2026-05-15T13:59:11.171Z,2026-09-01T04:00:12.661Z,2026-09-05T04:00:30.882Z
960090,Bloons TD 6,419752,1,true,2026-01-29T14:39:11.992Z,2026-09-01T04:00:12.661Z,2026-09-05T04:00:30.882Z
1028310,BOOK OF HOURS,407312,1,true,2026-05-15T13:59:18.679Z,2026-09-01T04:00:12.661Z,2026-09-05T04:00:30.882Z
1190820,Booobjz,43520,1,true,2026-03-23T12:24:02.721Z,2026-09-01T04:00:12.661Z,2026-09-05T04:00:30.882Z
598780,Boreal Blade,32322,2,true,2026-03-27T16:45:45.613Z,2026-09-01T04:00:12.661Z,2026-09-05T04:00:30.882Z
1497430,Bounty Star,160449,1,true,2026-05-07T14:54:04.409Z,2026-09-01T04:00:12.661Z,2026-09-05T04:00:30.882Z
1623940,Bramble: The Mountain King,109440,0,false,2026-08-12T03:28:16.369Z,2026-09-01T04:00:12.661Z,2026-09-05T04:00:30.882Z
547360,BREAK ARTS II,25430,1,true,2026-05-19T18:10:21.776Z,2026-09-01T04:00:12.661Z,2026-09-05T04:00:30.882Z
1569200,Brewmaster: Beer Brewing Simulator,62530,1,true,2026-08-28T19:59:17.270Z,2026-09-01T04:00:12.661Z,2026-09-05T04:00:30.882Z
955050,Bright Memory,89280,0,false,2026-05-21T14:36:06.061Z,2026-09-01T04:00:12.661Z,2026-09-05T04:00:30.882Z
1178830,Bright Memory: Infinite,196096,1,true,2026-05-19T18:10:42.878Z,2026-09-01T04:00:12.661Z,2026-09-05T04:00:30.882Z
1734320,Brutal Orchestra,243456,0,false,2026-06-29T12:17:57.756Z,2026-09-01T04:00:12.661Z,2026-09-05T04:00:30.882Z
1269950,Buddy Simulator 1984,25452,1,true,2026-06-12T19:47:21.562Z,2026-09-01T04:00:12.661Z,2026-09-05T04:00:30.882Z
501590,Bulletstorm: Full Clip Edition,97920,0,false,2026-08-05T04:26:51.967Z,2026-09-01T04:00:12.661Z,2026-09-05T04:00:30.882Z
3795760,Burger Bots Inc.,64577,1,true,2026-08-26T18:08:12.852Z,2026-09-01T04:00:12.661Z,2026-09-05T04:00:30.882Z
1112890,Calico,53249,1,true,2026-08-19T23:53:06.371Z,2026-09-01T04:00:12.661Z,2026-09-05T04:00:30.882Z
466980,Can't Drive This,69696,1,true,2026-02-01T15:46:52.974Z,2026-09-01T04:00:12.661Z,2026-09-05T04:00:30.882Z
3195540,Captain Edward Continues,25445,1,true,2026-06-07T21:44:41.895Z,2026-09-01T04:00:12.661Z,2026-09-05T04:00:30.882Z
2405540,Cargo Truck Racer,28802,1,true,2026-06-07T21:44:35.142Z,2026-09-01T04:00:12.661Z,2026-09-05T04:00:30.882Z
944250,Castle Flipper,29136,0,false,2026-06-05T13:57:30.133Z,2026-09-01T04:00:12.661Z,2026-09-05T04:00:30.882Z
2265920,Castle of Blackwater,84931,2,true,2026-06-02T18:59:02.897Z,2026-09-01T04:00:12.661Z,2026-09-05T04:00:30.882Z
1354830,Cat Cafe Manager DELUXE,116800,1,true,2026-04-09T12:07:46.892Z,2026-09-01T04:00:12.661Z,2026-09-05T04:00:30.882Z
1882500,Cattails: Wildwood Story,214080,1,true,2026-08-02T14:40:55.577Z,2026-09-01T04:00:12.661Z,2026-09-05T04:00:30.882Z
504230,Celeste,192272,1,true,2026-05-15T13:59:04.137Z,2026-09-01T04:00:12.661Z,2026-09-05T04:00:30.882Z
23460,Ceville,38722,1,true,2026-06-03T13:43:31.000Z,2026-09-01T04:00:12.661Z,2026-09-05T04:00:30.882Z
1623120,Chaos on Wheels,220800,0,false,2026-02-13T18:37:06.483Z,2026-09-01T04:00:12.661Z,2026-09-05T04:00:30.882Z
2283380,Charrua Soccer - Pro Edition,118849,1,true,2026-04-04T11:54:44.324Z,2026-09-01T04:00:12.661Z,2026-09-05T04:00:30.882Z
1815260,CHESS CROWN,29123,2,true,2026-06-10T15:26:07.634Z,2026-09-01T04:00:12.661Z,2026-09-05T04:00:30.882Z
449550,Chicken Invaders 2,90560,1,true,2026-04-04T11:57:39.688Z,2026-09-01T04:00:12.661Z,2026-09-05T04:00:30.882Z
377460,Chicken Invaders 3,155841,1,true,2026-04-25T10:46:36.981Z,2026-09-01T04:00:12.661Z,2026-09-05T04:00:30.882Z
330020,Children of Morta: Complete Edition,99520,1,true,2026-08-06T05:46:16.642Z,2026-09-01T04:00:12.661Z,2026-09-05T04:00:30.882Z
2276930,Chillquarium,118304,1,true,2026-08-14T11:44:18.984Z,2026-09-01T04:00:12.661Z,2026-09-05T04:00:30.882Z
1824220,Chivalry 2,360000,1,true,2026-06-27T13:55:13.136Z,2026-09-01T04:00:12.661Z,2026-09-05T04:00:30.882Z
1766740,Choo-Choo Charles,76738,2,true,2026-04-22T19:10:31.276Z,2026-09-01T04:00:12.661Z,2026-09-05T04:00:30.882Z
251130,Chroma Squad,60544,1,true,2026-04-26T13:39:52.713Z,2026-09-01T04:00:12.661Z,2026-09-05T04:00:30.882Z
1578650,Citizen Sleeper,31360,1,true,2026-05-18T13:03:12.050Z,2026-09-01T04:00:12.661Z,2026-09-05T04:00:30.882Z
2442460,Citizen Sleeper 2: Starward Vector,71680,0,false,2026-07-23T09:07:08.963Z,2026-09-01T04:00:12.661Z,2026-09-05T04:00:30.882Z
397950,Clustertruck,103168,1,true,2026-02-25T20:39:03.409Z,2026-09-01T04:00:12.661Z,2026-09-05T04:00:30.882Z
2881650,Content Warning,313728,1,true,2026-08-25T22:20:33.477Z,2026-09-01T04:00:12.661Z,2026-09-05T04:00:30.882Z
870780,CONTROL Ultimate Edition,236672,0,false,2026-06-20T16:19:15.172Z,2026-09-01T04:00:12.661Z,2026-09-05T04:00:30.882Z
247020,Cook, Serve, Delicious!,31938,1,true,2026-04-02T12:08:38.589Z,2026-09-01T04:00:12.661Z,2026-09-05T04:00:30.882Z
386620,Cook, Serve, Delicious! 2!!,38080,1,true,2026-04-11T20:48:03.766Z,2026-09-01T04:00:12.661Z,2026-09-05T04:00:30.882Z
4580060,Cool Thief Guy,75456,1,true,2026-05-06T14:49:25.803Z,2026-09-01T04:00:12.661Z,2026-09-05T04:00:30.882Z
3127480,CornField,25446,1,true,2026-06-07T21:44:48.924Z,2026-09-01T04:00:12.661Z,2026-09-05T04:00:30.882Z
297720,Corpse of Discovery,25732,0,false,2026-06-10T15:25:45.405Z,2026-09-01T04:00:12.661Z,2026-09-05T04:00:30.882Z
636070,Corridor Z,25920,1,true,2026-05-31T01:28:16.339Z,2026-09-01T04:00:12.661Z,2026-09-05T04:00:30.882Z
2292540,Cosmic Waves,59264,1,true,2026-06-06T21:07:55.569Z,2026-09-01T04:00:12.661Z,2026-09-05T04:00:30.882Z
2289390,Crab God,116161,1,true,2026-08-12T07:16:12.029Z,2026-09-01T04:00:12.661Z,2026-09-05T04:00:30.882Z
2973830,Crime Shop Simulator: A Prison Boss Game,221152,1,true,2026-06-09T23:41:31.781Z,2026-09-01T04:00:12.661Z,2026-09-05T04:00:30.882Z
1052440,Croixleur Sigma - Deluxe Edition,62336,0,false,2026-07-14T13:56:35.525Z,2026-09-01T04:00:12.661Z,2026-09-05T04:00:30.882Z
1619520,Cross Blitz,385024,1,true,2026-06-24T14:33:48.257Z,2026-09-01T04:00:12.661Z,2026-09-05T04:00:30.882Z
1061180,Crumble,47360,1,true,2026-02-05T19:54:32.709Z,2026-09-01T04:00:12.661Z,2026-09-05T04:00:30.882Z
306410,Crystals of Time,41600,1,true,2026-06-14T15:08:50.681Z,2026-09-01T04:00:12.661Z,2026-09-05T04:00:30.882Z
3400000,Cubic Odyssey,41280,1,true,2026-06-05T13:58:24.544Z,2026-09-01T04:00:12.661Z,2026-09-05T04:00:30.882Z
804530,Cubism,33280,1,true,2026-06-09T23:41:16.552Z,2026-09-01T04:00:12.661Z,2026-09-05T04:00:30.882Z
1667400,Cute Cats,31680,1,true,2026-03-08T19:43:18.588Z,2026-09-01T04:00:12.661Z,2026-09-05T04:00:30.882Z
1130410,Cyber Hook,37440,1,true,2026-01-07T18:53:37.522Z,2026-09-01T04:00:12.661Z,2026-09-05T04:00:30.882Z
405500,Dangerous Golf,72592,1,true,2026-05-14T12:47:41.133Z,2026-09-01T04:00:12.661Z,2026-09-05T04:00:30.882Z
2494810,Dark Hunting Ground,138689,1,true,2026-08-16T13:05:43.416Z,2026-09-01T04:00:12.661Z,2026-09-05T04:00:30.882Z
2693730,Dawnsbury Days,105376,0,false,2026-08-10T04:02:44.000Z,2026-09-01T04:00:12.661Z,2026-09-05T04:00:30.882Z
2454890,DEATH IN UNISON,169472,1,true,2026-01-18T17:15:18.651Z,2026-09-01T04:00:12.661Z,2026-09-05T04:00:30.882Z
3179730,Deck of Haunts,233792,0,false,2026-05-31T01:28:38.569Z,2026-09-01T04:00:12.661Z,2026-09-05T04:00:30.882Z
2870340,Decktamer,80064,0,false,2026-08-08T07:35:53.605Z,2026-09-01T04:00:12.661Z,2026-09-05T04:00:30.882Z
1018800,DEEEER Simulator: Your Average Everyday Deer Game,72320,1,true,2026-05-21T14:35:58.588Z,2026-09-01T04:00:12.661Z,2026-09-05T04:00:30.882Z
2968020,Deep Inside,30403,1,true,2026-06-04T15:16:29.425Z,2026-09-01T04:00:12.661Z,2026-09-05T04:00:30.882Z
2522660,Deep Under,68800,1,true,2026-01-02T20:17:24.398Z,2026-09-01T04:00:12.661Z,2026-09-05T04:00:30.882Z
1552080,Deepest Chamber: Resurrection,50240,1,true,2026-04-29T11:48:04.202Z,2026-09-01T04:00:12.661Z,2026-09-05T04:00:30.882Z
470740,Demolish & Build 2017,28929,0,false,2026-06-05T13:57:58.046Z,2026-09-01T04:00:12.661Z,2026-09-05T04:00:30.882Z
577670,Demolish & Build 2018,28289,1,true,2026-08-27T10:10:58.403Z,2026-09-01T04:00:12.661Z,2026-09-05T04:00:30.882Z
1203670,Demolish & Build 3,25436,1,true,2026-05-27T16:29:47.453Z,2026-09-01T04:00:12.661Z,2026-09-05T04:00:30.882Z
23600,Depths of Peril,47680,1,true,2026-04-10T15:33:56.764Z,2026-09-01T04:00:12.661Z,2026-09-05T04:00:30.882Z
3772810,Desktop Defender,72578,1,true,2026-08-04T14:53:46.535Z,2026-09-01T04:00:12.661Z,2026-09-05T04:00:30.882Z
1274570,DEVOUR,290176,2,true,2026-02-22T15:34:09.569Z,2026-09-01T04:00:12.661Z,2026-09-05T04:00:30.882Z
3885520,Dice of Kalma,122944,1,true,2026-08-14T02:54:50.771Z,2026-09-01T04:00:12.661Z,2026-09-05T04:00:30.882Z
1306970,Diluvian Ultra,25451,2,true,2026-06-10T15:26:00.211Z,2026-09-01T04:00:12.661Z,2026-09-05T04:00:30.882Z
310560,DiRT Rally,261504,1,true,2026-08-03T22:25:32.784Z,2026-09-01T04:00:12.661Z,2026-09-05T04:00:30.882Z
57800,Doc Clock: The Toasted Sandwich of Time,38721,1,true,2026-04-24T12:05:53.187Z,2026-09-01T04:00:12.661Z,2026-09-05T04:00:30.882Z
3839300,Dogpile,99984,1,true,2026-05-29T13:41:18.205Z,2026-09-01T04:00:12.661Z,2026-09-05T04:00:30.882Z
2937330,DOSMan: Space Aliens in Space!,41601,1,true,2026-01-25T02:51:13.279Z,2026-09-01T04:00:12.661Z,2026-09-05T04:00:30.882Z
887820,Double,26562,2,true,2026-04-16T14:48:56.001Z,2026-09-01T04:00:12.661Z,2026-09-05T04:00:30.882Z
589670,Double Kick Heroes,38016,0,false,2026-04-18T22:57:52.142Z,2026-09-01T04:00:12.661Z,2026-09-05T04:00:30.882Z
1984790,Drago Noka,55808,0,false,2026-06-05T13:58:18.184Z,2026-09-01T04:00:12.661Z,2026-09-05T04:00:30.882Z
1274550,Dragon Storm,27204,2,true,2026-06-13T15:25:12.852Z,2026-09-01T04:00:12.661Z,2026-09-05T04:00:30.882Z
418270,Draw Slasher,25455,1,true,2026-07-18T09:45:05.192Z,2026-09-01T04:00:12.661Z,2026-09-05T04:00:30.882Z
1897650,Dream Tactics,118720,1,true,2026-03-28T12:19:37.496Z,2026-09-01T04:00:12.661Z,2026-09-05T04:00:30.882Z
2525310,Drop Duchy - Complete Edition,88128,0,false,2026-08-08T11:30:28.946Z,2026-09-01T04:00:12.661Z,2026-09-05T04:00:30.882Z
1636360,DRUM'N'BASS MASSACRE,25429,2,true,2026-05-04T13:35:37.869Z,2026-09-01T04:00:12.661Z,2026-09-05T04:00:30.882Z
2144040,Dungeon Golf,123138,1,true,2026-05-10T13:29:51.517Z,2026-09-01T04:00:12.661Z,2026-09-05T04:00:30.882Z
2410590,Dunk Dunk,128768,1,true,2026-06-09T23:41:38.337Z,2026-09-01T04:00:12.661Z,2026-09-05T04:00:30.882Z
519860,DUSK,177472,1,true,2026-08-18T19:03:40.975Z,2026-09-01T04:00:12.661Z,2026-09-05T04:00:30.882Z
1324780,Easy Red 2,256904,2,true,2026-01-25T17:52:35.789Z,2026-09-01T04:00:12.661Z,2026-09-05T04:00:30.882Z
1536090,Echoes of the Plum Grove,123348,1,true,2026-01-29T14:35:06.389Z,2026-09-01T04:00:12.661Z,2026-09-05T04:00:30.882Z
315810,eden*,174657,1,true,2026-02-28T21:17:14.309Z,2026-09-01T04:00:12.661Z,2026-09-05T04:00:30.882Z
1658280,Eiyuden Chronicle: Hundred Heroes,135936,0,false,2026-07-08T06:37:56.876Z,2026-09-01T04:00:12.661Z,2026-09-05T04:00:30.882Z
1108590,Eldest Souls,77248,0,false,2026-06-24T14:33:18.438Z,2026-09-01T04:00:12.661Z,2026-09-05T04:00:30.882Z
1080020,Electrician Simulator,45440,1,true,2026-06-06T21:07:49.043Z,2026-09-01T04:00:12.661Z,2026-09-05T04:00:30.882Z
2602030,Entropy Survivors,44800,1,true,2026-06-08T13:16:06.881Z,2026-09-01T04:00:12.661Z,2026-09-05T04:00:30.882Z
356880,Eron,33600,2,true,2026-04-06T03:43:30.625Z,2026-09-01T04:00:12.661Z,2026-09-05T04:00:30.882Z
896440,Eternal Edge +,48641,1,true,2026-04-09T02:18:06.831Z,2026-09-01T04:00:12.661Z,2026-09-05T04:00:30.882Z
1868170,Etrian Odyssey II HD,48832,0,false,2026-05-26T14:07:18.830Z,2026-09-01T04:00:12.661Z,2026-09-05T04:00:30.882Z
1984020,Everhood 2,387872,1,true,2026-06-28T13:13:16.440Z,2026-09-01T04:00:12.661Z,2026-09-05T04:00:30.882Z
709150,EVERSPACE™ - Encounters,86977,1,true,2026-01-28T14:03:42.644Z,2026-09-01T04:00:12.661Z,2026-09-05T04:00:30.882Z
688700,EVERSPACE™ - Upgrade to Deluxe Edition,40000,1,true,2026-01-28T14:04:01.146Z,2026-09-01T04:00:12.661Z,2026-09-05T04:00:30.882Z
1662990,Explosiver,28806,2,true,2026-06-13T15:25:05.185Z,2026-09-01T04:00:12.661Z,2026-09-05T04:00:30.882Z
670370,Fallen Cube,28803,1,true,2026-06-10T15:25:30.428Z,2026-09-01T04:00:12.661Z,2026-09-05T04:00:30.882Z
1756210,Falling Down,43521,2,true,2026-06-14T15:09:14.032Z,2026-09-01T04:00:12.661Z,2026-09-05T04:00:30.882Z
2242100,Fargone,60480,1,true,2026-01-03T20:06:51.280Z,2026-09-01T04:00:12.661Z,2026-09-05T04:00:30.882Z
1137750,Farmer's Life,50352,1,true,2026-05-25T12:38:00.924Z,2026-09-01T04:00:12.661Z,2026-09-05T04:00:30.882Z
1213750,Fight Crab,40577,0,false,2026-05-20T19:34:10.168Z,2026-09-01T04:00:12.661Z,2026-09-05T04:00:30.882Z
1631350,Fight of Steel: Infinity Warrior,95808,1,true,2026-05-11T22:43:45.183Z,2026-09-01T04:00:12.661Z,2026-09-05T04:00:30.882Z
359870,FINAL FANTASY X/X-2 HD Remaster,768800,1,true,2026-06-27T13:55:22.139Z,2026-09-01T04:00:12.661Z,2026-09-05T04:00:30.882Z
207190,Fireburst,56320,1,true,2025-11-10T22:04:21.313Z,2026-09-01T04:00:12.661Z,2026-09-05T04:00:30.882Z
2778600,FLASH OF THE BLADE X,41600,1,true,2026-01-25T02:50:52.961Z,2026-09-01T04:00:12.661Z,2026-09-05T04:00:30.882Z
1795470,Flooded,47232,0,false,2026-08-27T22:16:40.246Z,2026-09-01T04:00:12.661Z,2026-09-05T04:00:30.882Z
1057800,Floppy Knights,47456,1,true,2026-07-11T19:23:11.220Z,2026-09-01T04:00:12.661Z,2026-09-05T04:00:30.882Z
777880,Fluffy Horde,25443,1,true,2026-06-04T15:16:21.861Z,2026-09-01T04:00:12.661Z,2026-09-05T04:00:30.882Z
1160920,Food Truck Simulator,192256,1,true,2026-09-04T00:06:37.545Z,2026-09-04T01:00:13.474Z,2026-09-05T04:00:30.882Z
1146600,For the People,50688,1,true,2026-05-02T13:57:20.812Z,2026-09-01T04:00:12.661Z,2026-09-05T04:00:30.882Z
2168260,Forgotten Seas,255488,1,true,2026-09-02T19:49:56.958Z,2026-09-02T20:00:17.890Z,2026-09-05T04:00:30.882Z
1785150,Friends vs Friends: Deluxe Edition,86656,1,true,2026-08-28T11:21:42.294Z,2026-09-01T04:00:12.661Z,2026-09-05T04:00:30.882Z
963000,Frog Detective 1: The Haunted Island,30404,2,true,2026-06-12T19:47:01.651Z,2026-09-01T04:00:12.661Z,2026-09-05T04:00:30.882Z
323190,Frostpunk: Game of the Year Edition,198720,0,false,2026-09-03T20:07:02.696Z,2026-09-03T21:00:23.567Z,2026-09-05T04:00:30.882Z
3316750,Gamma Zero,173120,1,true,2026-01-01T16:29:05.504Z,2026-09-01T04:00:12.661Z,2026-09-05T04:00:30.882Z
1915380,Garden Life: A Cozy Simulator,66560,1,true,2026-04-26T13:39:59.244Z,2026-09-01T04:00:12.661Z,2026-09-05T04:00:30.882Z
2008410,Garfield Lasagna Party,62272,0,false,2026-04-02T12:10:44.674Z,2026-09-01T04:00:12.661Z,2026-09-05T04:00:30.882Z
1139900,Ghostrunner,375617,1,true,2026-08-12T22:05:35.272Z,2026-09-01T04:00:12.661Z,2026-09-05T04:00:30.882Z
1122100,Giraffe and Annika,64322,1,true,2026-05-20T19:33:51.052Z,2026-09-01T04:00:12.661Z,2026-09-05T04:00:30.882Z
3749790,Go Kart Island,65280,1,true,2026-02-11T18:46:17.950Z,2026-09-01T04:00:12.661Z,2026-09-05T04:00:30.882Z
1432910,Godlike Burger,32256,0,false,2026-07-10T16:15:46.735Z,2026-09-01T04:00:12.661Z,2026-09-05T04:00:30.882Z
1579020,Golfie,26052,0,false,2026-05-12T22:46:27.063Z,2026-09-01T04:00:12.661Z,2026-09-05T04:00:30.882Z
2133870,Golfinite,254048,1,true,2026-05-13T14:55:45.010Z,2026-09-01T04:00:12.661Z,2026-09-05T04:00:30.882Z
2013730,Gourdlets,48384,0,false,2026-08-27T14:38:55.286Z,2026-09-01T04:00:12.661Z,2026-09-05T04:00:30.882Z
1708320,GRAPPIN,39361,1,true,2026-06-02T18:59:24.852Z,2026-09-01T04:00:12.661Z,2026-09-05T04:00:30.882Z
1345860,Grapple Dog,25428,3,true,2026-05-03T14:18:13.193Z,2026-09-01T04:00:12.661Z,2026-09-05T04:00:30.882Z
4169150,Grass Gnome Golf,147360,1,true,2026-05-10T13:29:58.656Z,2026-09-01T04:00:12.661Z,2026-09-05T04:00:30.882Z
703530,Grav Blazer Squared,115968,1,true,2026-03-07T00:25:26.773Z,2026-09-01T04:00:12.661Z,2026-09-05T04:00:30.882Z
1123050,GRIME - Deluxe Edition,140992,0,false,2026-08-14T19:30:26.777Z,2026-09-01T04:00:12.661Z,2026-09-05T04:00:30.882Z
2300300,Growth,79040,1,true,2026-01-01T09:31:27.141Z,2026-09-01T04:00:12.661Z,2026-09-05T04:00:30.882Z
3173130,Gun Frog,52672,0,false,2026-07-02T14:22:48.352Z,2026-09-01T04:00:12.661Z,2026-09-05T04:00:30.882Z
2800840,Gunbot Diplomacy,46080,1,true,2026-04-29T11:47:49.721Z,2026-09-01T04:00:12.661Z,2026-09-05T04:00:30.882Z
1545700,Guns N' Runs,38400,1,true,2026-01-25T15:23:00.308Z,2026-09-01T04:00:12.661Z,2026-09-05T04:00:30.882Z
246070,Hack 'n' Slash,28807,0,false,2026-06-13T15:24:58.401Z,2026-09-01T04:00:12.661Z,2026-09-05T04:00:30.882Z
664000,HammerHelm,63873,1,true,2026-08-01T07:06:09.745Z,2026-09-01T04:00:12.661Z,2026-09-05T04:00:30.882Z
407810,Hard Reset Redux,107136,0,false,2026-08-05T21:33:54.779Z,2026-09-01T04:00:12.661Z,2026-09-05T04:00:30.882Z
1282410,Hard West 2,63936,0,false,2026-07-23T18:10:37.445Z,2026-09-01T04:00:12.661Z,2026-09-05T04:00:30.882Z
1796470,Haste,300096,0,false,2026-07-30T19:35:47.093Z,2026-09-01T04:00:12.661Z,2026-09-05T04:00:30.882Z
1138850,Heavenly Bodies,164352,1,true,2026-02-15T17:24:32.318Z,2026-09-01T04:00:12.661Z,2026-09-05T04:00:30.882Z
960910,Heavy Rain,111680,1,true,2026-05-27T16:31:29.563Z,2026-09-01T04:00:12.661Z,2026-09-05T04:00:30.882Z
1782460,Hell Clock,48384,0,false,2026-07-11T06:52:16.054Z,2026-09-01T04:00:12.661Z,2026-09-05T04:00:30.882Z
2160480,Hellboy Web of Wyrd,94400,1,true,2026-01-29T14:32:08.085Z,2026-09-01T04:00:12.661Z,2026-09-05T04:00:30.882Z
1608450,Hellslave,69377,1,true,2026-05-08T14:58:06.619Z,2026-09-01T04:00:12.661Z,2026-09-05T04:00:30.882Z
703310,Hidden & Dangerous Bundle,27202,0,false,2026-07-27T14:46:10.721Z,2026-09-01T04:00:12.661Z,2026-09-05T04:00:30.882Z
833040,Hiveswap Friendsim,33154,1,true,2026-07-28T04:22:00.256Z,2026-09-01T04:00:12.661Z,2026-09-05T04:00:30.882Z
1220010,Home Behind 2,96704,1,true,2026-06-30T13:12:28.564Z,2026-09-01T04:00:12.661Z,2026-09-05T04:00:30.882Z
420000,Home Design 3D,49280,1,true,2026-04-15T12:10:24.840Z,2026-09-01T04:00:12.661Z,2026-09-05T04:00:30.882Z
244160,Homeworld Remastered Collection,61760,0,false,2026-07-25T05:33:51.704Z,2026-09-01T04:00:12.661Z,2026-09-05T04:00:30.882Z
609920,Hotshot Racing,60480,1,true,2025-11-10T23:36:41.087Z,2026-09-01T04:00:12.661Z,2026-09-05T04:00:30.882Z
3530680,How 2 Escape: Lost Submarine,206368,1,true,2026-05-23T17:19:57.703Z,2026-09-01T04:00:12.661Z,2026-09-05T04:00:30.882Z
3673060,How to Train Your Cock,101890,1,true,2026-07-31T22:19:30.273Z,2026-09-01T04:00:12.661Z,2026-09-05T04:00:30.882Z
1366360,HUH?: and the Adventures of something,26881,2,true,2026-05-05T14:01:49.046Z,2026-09-01T04:00:12.661Z,2026-09-05T04:00:30.882Z
477160,Human Fall Flat,73216,1,true,2026-07-28T07:43:26.435Z,2026-09-01T04:00:12.661Z,2026-09-05T04:00:30.882Z
1015470,I Need Spirit: Off Road Edition,28804,2,true,2026-06-11T17:06:43.955Z,2026-09-01T04:00:12.661Z,2026-09-05T04:00:30.882Z
1373960,INDIKA,75456,0,false,2026-07-13T23:05:42.398Z,2026-09-01T04:00:12.661Z,2026-09-05T04:00:30.882Z
815800,Infecto,25453,1,true,2026-06-14T15:09:35.494Z,2026-09-01T04:00:12.661Z,2026-09-05T04:00:30.882Z
748050,Initiation,25448,1,true,2026-06-08T13:15:52.001Z,2026-09-01T04:00:12.661Z,2026-09-05T04:00:30.882Z
242700,Injustice: Gods Among Us Ultimate Edition,79680,2,true,2026-01-16T17:47:09.850Z,2026-09-01T04:00:12.661Z,2026-09-05T04:00:30.882Z
2137880,Ink Inside,119105,0,false,2026-05-11T22:43:37.755Z,2026-09-01T04:00:12.661Z,2026-09-05T04:00:30.882Z
2207970,Interior Worlds,251649,1,true,2026-06-15T18:33:11.554Z,2026-09-01T04:00:12.661Z,2026-09-05T04:00:30.882Z
1016770,Interrogation: You will be deceived,29440,1,true,2026-05-05T13:58:41.892Z,2026-09-01T04:00:12.661Z,2026-09-05T04:00:30.882Z
1486630,Intravenous,144256,3,true,2025-11-10T23:38:15.386Z,2026-09-01T04:00:12.661Z,2026-09-05T04:00:30.882Z
3919530,It Takes a War,70401,1,true,2026-03-07T00:27:51.438Z,2026-09-01T04:00:12.661Z,2026-09-05T04:00:30.882Z
434210,It's Spring Again,29952,1,true,2026-03-10T02:06:46.154Z,2026-09-01T04:00:12.661Z,2026-09-05T04:00:30.882Z
684620,JetX VR,27205,2,true,2026-06-13T15:25:20.358Z,2026-09-01T04:00:12.661Z,2026-09-05T04:00:30.882Z
1077550,Jump with Friends,28808,1,true,2026-06-14T15:09:05.740Z,2026-09-01T04:00:12.661Z,2026-09-05T04:00:30.882Z
329460,JumpJet Rex,34881,1,true,2026-05-29T13:41:10.327Z,2026-09-01T04:00:12.661Z,2026-09-05T04:00:30.882Z
2717010,KALPA: Cosmic Symphony,282689,1,true,2026-07-31T03:26:45.298Z,2026-09-01T04:00:12.661Z,2026-09-05T04:00:30.882Z
3027930,Karate Survivor,41920,1,true,2026-05-17T12:15:58.463Z,2026-09-01T04:00:12.661Z,2026-09-05T04:00:30.882Z
2002220,Keeper's Toll,190208,1,true,2026-05-16T13:34:26.095Z,2026-09-01T04:00:12.661Z,2026-09-05T04:00:30.882Z
1242980,KeyWe,81856,1,true,2026-08-06T02:03:45.107Z,2026-09-01T04:00:12.661Z,2026-09-05T04:00:30.882Z
2441270,Kill The Crows,35840,1,true,2026-06-03T13:43:23.798Z,2026-09-01T04:00:12.661Z,2026-09-05T04:00:30.882Z
3093050,Kill The Music,185344,1,true,2026-07-20T16:21:54.584Z,2026-09-01T04:00:12.661Z,2026-09-05T04:00:30.882Z
1733170,Killing Time: Resurrected,191488,1,true,2026-03-26T19:54:29.518Z,2026-09-01T04:00:12.661Z,2026-09-05T04:00:30.882Z
2955840,Kitchen Wars,35457,1,true,2026-07-24T17:17:59.644Z,2026-09-01T04:00:12.661Z,2026-09-05T04:00:30.882Z
2315400,Knights in Tight Spaces,348256,1,true,2026-05-16T13:34:40.817Z,2026-09-01T04:00:12.661Z,2026-09-05T04:00:30.882Z
1364100,Lacuna – A Sci-Fi Noir Adventure,36160,1,true,2026-05-03T14:18:33.937Z,2026-09-01T04:00:12.661Z,2026-09-05T04:00:30.882Z
914220,Land of Puzzles: Castles,25454,1,true,2026-07-16T04:25:53.482Z,2026-09-01T04:00:12.661Z,2026-09-05T04:00:30.882Z
1707400,Larcin Lazer,31360,0,false,2026-04-26T13:39:43.817Z,2026-09-01T04:00:12.661Z,2026-09-05T04:00:30.882Z
3732190,Last Guest,30405,2,true,2026-06-12T19:47:45.250Z,2026-09-01T04:00:12.661Z,2026-09-05T04:00:30.882Z
2521380,Legacy of Kain™ Soul Reaver 1&2 Remastered,92800,1,true,2026-07-02T14:23:16.715Z,2026-09-01T04:00:12.661Z,2026-09-05T04:00:30.882Z
1891620,Lempo,110209,1,true,2026-04-19T12:30:47.404Z,2026-09-01T04:00:12.661Z,2026-09-05T04:00:30.882Z
1269520,Let Me Out,67200,0,false,2026-04-12T13:13:59.163Z,2026-09-01T04:00:12.661Z,2026-09-05T04:00:30.882Z
505630,Let Them Come,50689,1,true,2026-07-14T08:03:15.749Z,2026-09-01T04:00:12.661Z,2026-09-05T04:00:30.882Z
553310,Lethal League Blaze,157824,1,true,2026-01-30T15:17:53.428Z,2026-09-01T04:00:12.661Z,2026-09-05T04:00:30.882Z
373770,LiEat,41603,0,true,2026-05-19T18:10:15.028Z,2026-09-01T04:00:12.661Z,2026-09-05T04:00:30.882Z
2632930,Life Eater,26561,1,true,2026-04-07T12:23:50.218Z,2026-09-01T04:00:12.661Z,2026-09-05T04:00:30.882Z
1558930,Little Orpheus,23616,0,false,2026-07-17T17:57:38.320Z,2026-09-01T04:00:12.661Z,2026-09-05T04:00:30.882Z
1745510,Lunacid,131840,1,true,2026-02-22T15:32:44.170Z,2026-09-01T04:00:12.661Z,2026-09-05T04:00:30.882Z
956680,M.A.S.S. Builder,222624,1,true,2026-05-07T14:54:12.039Z,2026-09-01T04:00:12.661Z,2026-09-05T04:00:30.882Z
1030830,Mafia II: Definitive Edition,215424,0,false,2026-08-18T22:58:37.957Z,2026-09-01T04:00:12.661Z,2026-09-05T04:00:30.882Z
2595940,Magical Bakery,87680,1,true,2026-08-07T06:49:48.928Z,2026-09-01T04:00:12.661Z,2026-09-05T04:00:30.882Z
3499550,Mai: Child of Ages,67520,1,true,2026-05-06T14:49:38.566Z,2026-09-01T04:00:12.661Z,2026-09-05T04:00:30.882Z
1273540,Mail Mole + 'Xpress Deliveries,148032,0,false,2026-04-25T10:48:26.013Z,2026-09-01T04:00:12.661Z,2026-09-05T04:00:30.882Z
473950,Manifold Garden,140800,1,true,2026-08-09T21:07:08.736Z,2026-09-01T04:00:12.661Z,2026-09-05T04:00:30.882Z
2516550,Margoq's Lair,32960,1,true,2026-01-26T16:24:39.050Z,2026-09-01T04:00:12.661Z,2026-09-05T04:00:30.882Z
1586700,MARSUPILAMI - HOOBADVENTURE,86016,1,true,2026-07-02T14:23:09.411Z,2026-09-01T04:00:12.661Z,2026-09-05T04:00:30.882Z
358200,Math Rescue,27203,1,true,2026-06-12T19:47:36.897Z,2026-09-01T04:00:12.661Z,2026-09-05T04:00:30.882Z
1044980,Mech Mechanic Simulator,30337,1,true,2026-06-25T13:30:51.134Z,2026-09-01T04:00:12.661Z,2026-09-05T04:00:30.882Z
669330,Mechabellum,370752,1,true,2026-05-01T18:48:04.420Z,2026-09-01T04:00:12.661Z,2026-09-05T04:00:30.882Z
733770,MegaRace 3,25437,3,true,2026-05-31T01:27:57.598Z,2026-09-01T04:00:12.661Z,2026-09-05T04:00:30.882Z
1819460,Mika and The Witch's Mountain,70145,0,false,2026-06-24T14:33:01.337Z,2026-09-01T04:00:12.661Z,2026-09-05T04:00:30.882Z
3469750,Military Incremental Complex,136832,1,true,2026-08-13T05:06:50.002Z,2026-09-01T04:00:12.661Z,2026-09-05T04:00:30.882Z
2827200,MIMESIS,255744,1,true,2026-09-04T22:20:26.768Z,2026-09-04T23:00:36.981Z,2026-09-05T04:00:30.882Z
2259330,Mind Diver,95744,0,false,2026-06-08T13:16:23.140Z,2026-09-01T04:00:12.661Z,2026-09-05T04:00:30.882Z
2517440,Mini City: Mayhem,120128,1,true,2026-01-26T16:23:00.144Z,2026-09-01T04:00:12.661Z,2026-09-05T04:00:30.882Z
2521630,Mini Settlers,26758,0,false,2026-06-01T15:15:51.008Z,2026-09-01T04:00:12.661Z,2026-09-05T04:00:30.882Z
3755720,Mix it!,159680,3,true,2025-12-09T14:18:14.213Z,2026-09-01T04:00:12.661Z,2026-09-05T04:00:30.882Z
449610,Monster Boy and the Cursed Kingdom,284032,1,true,2026-08-31T17:14:06.440Z,2026-09-01T04:00:12.661Z,2026-09-05T04:00:30.882Z
1140270,Monster Prom 2: Monster Camp,55552,1,true,2026-08-20T08:05:44.764Z,2026-09-01T04:00:12.661Z,2026-09-05T04:00:30.882Z
496620,Monster Slayers,28805,1,true,2026-06-11T17:06:52.543Z,2026-09-01T04:00:12.661Z,2026-09-05T04:00:30.882Z
1933840,Moon Mystery,34112,1,true,2026-04-20T15:28:02.606Z,2026-09-01T04:00:12.661Z,2026-09-05T04:00:30.882Z
606150,Moonlighter: Complete Edition,95200,1,true,2026-08-09T09:29:50.446Z,2026-09-01T04:00:12.661Z,2026-09-05T04:00:30.882Z
1605250,Moros Protocol,326144,0,false,2026-06-26T13:14:48.966Z,2026-09-01T04:00:12.661Z,2026-09-05T04:00:30.882Z
1214670,Mr. Sun's Hatbox,48352,1,true,2026-06-23T16:51:08.228Z,2026-09-01T04:00:12.661Z,2026-09-05T04:00:30.882Z
675010,MudRunner,220672,1,true,2026-08-19T03:13:44.273Z,2026-09-01T04:00:12.661Z,2026-09-05T04:00:30.882Z
1530,Multiwinia,90240,1,true,2025-11-10T23:41:59.054Z,2026-09-01T04:00:12.661Z,2026-09-05T04:00:30.882Z
2963880,Murky Divers,88096,1,true,2026-07-30T04:23:50.677Z,2026-09-01T04:00:12.661Z,2026-09-05T04:00:30.882Z
243160,Mushroom 11,66816,0,false,2026-07-23T02:40:01.428Z,2026-09-01T04:00:12.661Z,2026-09-05T04:00:30.882Z
733300,My Big Sister,30402,0,false,2026-05-05T13:58:34.147Z,2026-09-01T04:00:12.661Z,2026-09-05T04:00:30.882Z
2118540,My Big Sister: Remastered,39360,1,true,2026-05-03T14:18:26.434Z,2026-09-01T04:00:12.661Z,2026-09-05T04:00:30.882Z
2834600,My Little Life,75904,1,true,2026-08-05T08:13:12.073Z,2026-09-01T04:00:12.661Z,2026-09-05T04:00:30.882Z
1546060,My Summer Adventure: Memories of Another Life,81088,1,true,2026-04-15T12:13:47.652Z,2026-09-01T04:00:12.661Z,2026-09-05T04:00:30.882Z
814360,Mythic Ocean,31360,1,true,2026-05-31T13:27:22.324Z,2026-09-01T04:00:12.661Z,2026-09-05T04:00:30.882Z
802450,NAIRI: Tower of Shirin,27681,0,false,2026-05-29T13:40:35.445Z,2026-09-01T04:00:12.661Z,2026-09-05T04:00:30.882Z
1451940,NEEDY STREAMER OVERLOAD,424816,1,true,2026-02-10T14:49:56.625Z,2026-09-01T04:00:12.661Z,2026-09-05T04:00:30.882Z
794540,Neo Cab,33344,1,true,2026-07-17T01:50:35.258Z,2026-09-01T04:00:12.661Z,2026-09-05T04:00:30.882Z
505210,Neon Space 2,32961,1,true,2026-05-14T12:47:16.603Z,2026-09-01T04:00:12.661Z,2026-09-05T04:00:30.882Z
3211750,Neongarten,182976,1,true,2026-01-11T16:43:47.087Z,2026-09-01T04:00:12.661Z,2026-09-05T04:00:30.882Z
555320,Never Give Up,67137,0,false,2026-08-01T18:39:23.384Z,2026-09-01T04:00:12.661Z,2026-09-05T04:00:30.882Z
1454970,New Tales from the Borderlands,69440,1,true,2026-06-23T16:51:16.175Z,2026-09-01T04:00:12.661Z,2026-09-05T04:00:30.882Z
535520,Nidhogg 2,37729,0,false,2026-07-05T13:10:40.375Z,2026-09-01T04:00:12.661Z,2026-09-05T04:00:30.882Z
1051690,Nightmare Reaper,201920,1,true,2026-07-01T16:09:39.137Z,2026-09-01T04:00:12.661Z,2026-09-05T04:00:30.882Z
651490,No Longer Home,34176,1,true,2026-07-01T16:09:30.135Z,2026-09-01T04:00:12.661Z,2026-09-05T04:00:30.882Z
681530,NOISZ,369472,1,true,2026-06-28T13:13:23.584Z,2026-09-01T04:00:12.661Z,2026-09-05T04:00:30.882Z
1929870,Nomad Survival,25420,1,true,2025-11-10T23:42:22.631Z,2026-09-01T04:00:12.661Z,2026-09-05T04:00:30.882Z
2087940,Non-Stop Raiders,29121,2,true,2026-03-24T13:35:35.208Z,2026-09-01T04:00:12.661Z,2026-09-05T04:00:30.882Z
2518630,None Shall Intrude,52162,1,true,2026-06-30T13:12:14.675Z,2026-09-01T04:00:12.661Z,2026-09-05T04:00:30.882Z
287720,Nostradamus: The Last Prophecy,32321,1,true,2026-03-08T19:42:58.121Z,2026-09-01T04:00:12.661Z,2026-09-05T04:00:30.882Z
3191030,Nubby's Number Factory,180480,1,true,2026-02-15T17:27:08.837Z,2026-09-01T04:00:12.661Z,2026-09-05T04:00:30.882Z
3590560,NUTMEG! A Nostalgic Deckbuilding Football Manager,324864,0,false,2026-08-26T09:33:58.980Z,2026-09-01T04:00:12.661Z,2026-09-05T04:00:30.882Z
3547010,Occlude,50480,1,true,2026-04-29T11:48:27.698Z,2026-09-01T04:00:12.661Z,2026-09-05T04:00:30.882Z
1627870,ODDADA,25600,2,true,2026-05-24T22:04:20.923Z,2026-09-01T04:00:12.661Z,2026-09-05T04:00:30.882Z
15700,Oddworld: Abe's Oddysee®,27905,1,true,2026-03-10T19:48:41.405Z,2026-09-01T04:00:12.661Z,2026-09-05T04:00:30.882Z
2154240,Odinfall,38592,0,false,2026-07-22T16:58:09.176Z,2026-09-01T04:00:12.661Z,2026-09-05T04:00:30.882Z
1910600,ONE BTN BOSSES,25432,0,false,2026-05-27T16:29:39.977Z,2026-09-01T04:00:12.661Z,2026-09-05T04:00:30.882Z
4136740,Only Down: Not Up!,27202,1,true,2026-06-08T13:15:59.986Z,2026-09-01T04:00:12.661Z,2026-09-05T04:00:30.882Z
1364340,OPERATION SERPENS,39105,1,true,2026-05-10T13:29:37.791Z,2026-09-01T04:00:12.661Z,2026-09-05T04:00:30.882Z
1167680,Orbital Bullet – The 360° Rogue-lite,40067,1,true,2026-05-13T14:55:22.904Z,2026-09-01T04:00:12.661Z,2026-09-05T04:00:30.882Z
1593780,Organs Please,62720,1,true,2026-04-09T12:10:01.113Z,2026-09-01T04:00:12.661Z,2026-09-05T04:00:30.882Z
720660,Overloop,38081,0,false,2026-04-13T10:42:09.432Z,2026-09-01T04:00:12.661Z,2026-09-05T04:00:30.882Z
3410180,Overlooting,29952,0,false,2026-07-09T07:34:47.792Z,2026-09-01T04:00:12.661Z,2026-09-05T04:00:30.882Z
2438330,Pale Coins,254976,1,true,2026-06-22T13:56:56.799Z,2026-09-01T04:00:12.661Z,2026-09-05T04:00:30.882Z
1181400,Path of Giants,35456,1,true,2026-05-26T14:07:51.150Z,2026-09-01T04:00:12.661Z,2026-09-05T04:00:30.882Z
57620,Patrician IV,62400,1,true,2025-11-10T23:43:41.989Z,2026-09-01T04:00:12.661Z,2026-09-05T04:00:30.882Z
1538570,Patron,73280,1,true,2026-04-30T13:59:34.117Z,2026-09-01T04:00:12.661Z,2026-09-05T04:00:30.882Z
1156510,Peachleaf Pirates,39297,2,true,2026-04-16T14:49:58.809Z,2026-09-01T04:00:12.661Z,2026-09-05T04:00:30.882Z
540740,Perfect,34496,1,true,2026-07-21T15:46:53.164Z,2026-09-01T04:00:12.661Z,2026-09-05T04:00:30.882Z
2479320,Pesticide Not Required,61056,0,false,2026-05-22T19:12:33.607Z,2026-09-01T04:00:12.661Z,2026-09-05T04:00:30.882Z
1744970,Petit Island,123840,1,true,2026-08-15T07:25:42.617Z,2026-09-01T04:00:12.661Z,2026-09-05T04:00:30.882Z
338320,Pixel Heroes: Byte & Magic,29441,2,true,2026-06-13T15:24:46.217Z,2026-09-01T04:00:12.661Z,2026-09-05T04:00:30.882Z
1683620,Plan B from Outer Space: A Bavarian Odyssey,40320,1,true,2026-05-04T13:35:45.239Z,2026-09-01T04:00:12.661Z,2026-09-05T04:00:30.882Z
1682340,Plane Accident,26455,0,false,2026-06-02T18:58:41.229Z,2026-09-01T04:00:12.661Z,2026-09-05T04:00:30.882Z
1608230,Planet of Lana,54720,0,false,2026-05-27T16:30:01.133Z,2026-09-01T04:00:12.661Z,2026-09-05T04:00:30.882Z
1859490,Planet TD,26564,1,true,2026-05-23T17:19:14.379Z,2026-09-01T04:00:12.661Z,2026-09-05T04:00:30.882Z
1091920,Plantera 2: Golden Acorn,94464,0,false,2026-08-02T06:04:28.001Z,2026-09-01T04:00:12.661Z,2026-09-05T04:00:30.882Z
1599600,PlateUp!,193600,1,true,2026-08-18T00:09:17.468Z,2026-09-01T04:00:12.661Z,2026-09-05T04:00:30.882Z
2903560,Platform 8,61440,1,true,2026-05-22T19:12:26.495Z,2026-09-01T04:00:12.661Z,2026-09-05T04:00:30.882Z
539470,Police Stories,60160,1,true,2026-03-22T12:41:27.455Z,2026-09-01T04:00:12.661Z,2026-09-05T04:00:30.882Z
1839060,Polylithic,89024,1,true,2026-04-27T11:02:36.665Z,2026-09-01T04:00:12.661Z,2026-09-05T04:00:30.882Z
522240,Pool Panic,30976,1,true,2026-06-29T12:17:23.745Z,2026-09-01T04:00:12.661Z,2026-09-05T04:00:30.882Z
232770,POSTAL,72128,2,true,2025-11-10T23:57:22.478Z,2026-09-01T04:00:12.661Z,2026-09-05T04:00:30.882Z
1722890,Power Pals,40928,1,true,2026-07-10T22:33:31.252Z,2026-09-01T04:00:12.661Z,2026-09-05T04:00:30.882Z
673600,Prison Boss VR,261280,1,true,2026-07-15T20:37:48.513Z,2026-09-01T04:00:12.661Z,2026-09-05T04:00:30.882Z
679530,Professor Watts Memory Match: Shapes And Colors,83768,1,true,2026-07-06T18:42:34.034Z,2026-09-01T04:00:12.661Z,2026-09-05T04:00:30.882Z
658430,Professor Watts Word Search: Into The Ocean,119360,1,true,2025-11-10T23:57:58.491Z,2026-09-01T04:00:12.661Z,2026-09-05T04:00:30.882Z
634230,Project First Contact,25440,2,true,2026-06-01T15:15:44.373Z,2026-09-01T04:00:12.661Z,2026-09-05T04:00:30.882Z
1557480,Project MIKHAIL: A Muv-Luv War Story,50336,1,true,2026-06-11T17:07:17.353Z,2026-09-01T04:00:12.661Z,2026-09-05T04:00:30.882Z
4224500,Pupple Pop,88128,0,false,2026-07-31T18:10:11.815Z,2026-09-01T04:00:12.661Z,2026-09-05T04:00:30.882Z
539460,Puzzle Cube,28160,1,true,2026-03-25T20:33:01.325Z,2026-09-01T04:00:12.661Z,2026-09-05T04:00:30.882Z
911130,Puzzle Monarch: Vampires,192960,1,true,2025-11-10T23:58:47.130Z,2026-09-01T04:00:12.661Z,2026-09-05T04:00:30.882Z
2419690,Quadroids,53442,1,true,2026-05-31T13:27:37.471Z,2026-09-01T04:00:12.661Z,2026-09-05T04:00:30.882Z
3379770,Quartermain and the Cult of Cthulhu,64192,1,true,2026-01-27T13:39:25.048Z,2026-09-01T04:00:12.661Z,2026-09-05T04:00:30.882Z
2311990,Rack and Slay,62784,0,false,2026-07-24T09:14:51.994Z,2026-09-01T04:00:12.661Z,2026-09-05T04:00:30.882Z
2297650,Re:Fresh,38144,1,true,2026-06-12T19:47:28.349Z,2026-09-01T04:00:12.661Z,2026-09-05T04:00:30.882Z
2870170,REAPER,62720,1,true,2026-01-25T02:50:12.789Z,2026-09-01T04:00:12.661Z,2026-09-05T04:00:30.882Z
1492360,Recipe for Disaster,130496,1,true,2026-09-02T15:23:51.444Z,2026-09-02T16:00:15.698Z,2026-09-05T04:00:30.882Z
1491510,Recon Control,25426,0,false,2026-05-03T14:18:20.139Z,2026-09-01T04:00:12.661Z,2026-09-05T04:00:30.882Z
710600,Red Bow,31040,1,true,2026-05-03T14:18:03.993Z,2026-09-01T04:00:12.661Z,2026-09-05T04:00:30.882Z
1799930,Redout 2,87392,1,true,2026-05-01T18:47:48.826Z,2026-09-01T04:00:12.661Z,2026-09-05T04:00:30.882Z
362400,Regimental Chess,27200,2,true,2026-04-24T12:08:00.849Z,2026-09-01T04:00:12.661Z,2026-09-05T04:00:30.882Z
661940,Regular Human Basketball,25439,1,true,2026-05-31T13:27:51.210Z,2026-09-01T04:00:12.661Z,2026-09-05T04:00:30.882Z
1245580,Rest House II - The Wizard,25420,3,true,2026-05-24T22:04:05.134Z,2026-09-01T04:00:12.661Z,2026-09-05T04:00:30.882Z
2951580,Rhythm Witch: Beat Death,105280,0,false,2026-06-26T13:14:20.601Z,2026-09-01T04:00:12.661Z,2026-09-05T04:00:30.882Z
46370,Rig n Roll,48640,1,true,2025-11-11T00:00:05.648Z,2026-09-01T04:00:12.661Z,2026-09-05T04:00:30.882Z
632360,Risk of Rain 2,387648,0,false,2026-08-12T17:35:55.460Z,2026-09-01T04:00:12.661Z,2026-09-05T04:00:30.882Z
1337520,Risk of Rain Returns,72464,1,true,2026-05-15T13:58:36.540Z,2026-09-01T04:00:12.661Z,2026-09-05T04:00:30.882Z
1049320,River City Girls,339136,1,true,2026-08-24T07:55:19.867Z,2026-09-01T04:00:12.661Z,2026-09-05T04:00:30.882Z
425410,Road to Ballhalla,25441,1,true,2026-06-02T18:59:09.458Z,2026-09-01T04:00:12.661Z,2026-09-05T04:00:30.882Z
1155970,Roadwarden,49668,1,true,2026-07-24T12:47:25.707Z,2026-09-01T04:00:12.661Z,2026-09-05T04:00:30.882Z
834450,Roarr! The Adventures of Rampage Rex,25420,1,true,2026-03-20T23:39:12.380Z,2026-09-01T04:00:12.661Z,2026-09-05T04:00:30.882Z
241600,Rogue Legacy,126144,1,true,2026-06-29T12:17:43.738Z,2026-09-01T04:00:12.661Z,2026-09-05T04:00:30.882Z
1294420,Rollerdrome,65665,1,true,2026-06-20T16:18:51.514Z,2026-09-01T04:00:12.661Z,2026-09-05T04:00:30.882Z
3416070,Ropuka's Idle Island,80768,1,true,2026-08-04T07:26:07.217Z,2026-09-01T04:00:12.661Z,2026-09-05T04:00:30.882Z
1181610,Roto Force,50241,1,true,2026-05-08T14:58:14.743Z,2026-09-01T04:00:12.661Z,2026-09-05T04:00:30.882Z
2666510,Rusty's Retirement,228800,1,true,2026-08-19T06:18:44.896Z,2026-09-01T04:00:12.661Z,2026-09-05T04:00:30.882Z
757310,Sable,186624,1,true,2026-08-18T15:17:03.367Z,2026-09-01T04:00:12.661Z,2026-09-05T04:00:30.882Z
1570740,Sacred Cubes,28800,1,true,2026-06-04T15:16:07.237Z,2026-09-01T04:00:12.661Z,2026-09-05T04:00:30.882Z
4542820,Sad Virus Asia,29872,0,false,2026-05-06T14:49:19.055Z,2026-09-01T04:00:12.661Z,2026-09-05T04:00:30.882Z
1358530,Saint Kotar,65538,0,true,2026-08-01T03:32:35.904Z,2026-09-01T04:00:12.661Z,2026-09-05T04:00:30.882Z
1437400,Salt and Sacrifice,117120,1,true,2026-09-01T07:32:14.903Z,2026-09-01T08:00:32.050Z,2026-09-05T04:00:30.882Z
283640,Salt and Sanctuary,228416,1,true,2026-08-30T17:42:27.418Z,2026-09-01T04:00:12.661Z,2026-09-05T04:00:30.882Z
40720,Samorost 2,34816,3,true,2026-05-25T12:37:31.102Z,2026-09-01T04:00:12.661Z,2026-09-05T04:00:30.882Z
1851280,Samurai Bringer,83264,1,true,2026-05-18T13:03:53.500Z,2026-09-01T04:00:12.661Z,2026-09-05T04:00:30.882Z
4343690,Saylor Animals Puzzle,28993,1,true,2026-05-06T14:49:04.395Z,2026-09-01T04:00:12.661Z,2026-09-05T04:00:30.882Z
1196090,Scars Above,70145,1,true,2026-05-02T13:57:42.975Z,2026-09-01T04:00:12.661Z,2026-09-05T04:00:30.882Z
946770,Scheming Through The Zombie Apocalypse Ep2: Caged,29122,1,true,2026-04-24T19:40:10.539Z,2026-09-01T04:00:12.661Z,2026-09-05T04:00:30.882Z
2514400,Servonauts,53440,1,true,2026-05-04T13:36:08.284Z,2026-09-01T04:00:12.661Z,2026-09-05T04:00:30.882Z
457210,SEUM: Speedrunners from Hell,43456,0,false,2026-06-16T14:39:16.024Z,2026-09-01T04:00:12.661Z,2026-09-05T04:00:30.882Z
289050,Shannon Tweed's Attack Of The Groupies,38720,1,true,2025-11-11T00:01:53.783Z,2026-09-01T04:00:12.661Z,2026-09-05T04:00:30.882Z
1318690,shapez,37792,1,true,2026-07-01T16:09:14.888Z,2026-09-01T04:00:12.661Z,2026-09-05T04:00:30.882Z
1037190,Shipped,60482,1,true,2026-05-11T22:43:22.882Z,2026-09-01T04:00:12.661Z,2026-09-05T04:00:30.882Z
244070,Sid Meier’s Ace Patrol,25426,2,true,2026-03-21T13:55:19.520Z,2026-09-01T04:00:12.661Z,2026-09-05T04:00:30.882Z
327400,Sid Meier's Colonization (Classic),43712,1,true,2026-03-10T02:07:15.570Z,2026-09-01T04:00:12.661Z,2026-09-05T04:00:30.882Z
1167140,Siege Survival: Gloria Victis,68032,1,true,2026-04-26T13:40:21.397Z,2026-09-01T04:00:12.661Z,2026-09-05T04:00:30.882Z
207040,Sine Mora,200576,1,true,2025-11-11T00:02:12.416Z,2026-09-01T04:00:12.661Z,2026-09-05T04:00:30.882Z
1802720,Sixtar Gate: STARTRAIL,115200,1,true,2026-06-26T13:14:42.205Z,2026-09-01T04:00:12.661Z,2026-09-05T04:00:30.882Z
3557830,Skarab,56000,1,true,2026-01-25T17:53:36.124Z,2026-09-01T04:00:12.661Z,2026-09-05T04:00:30.882Z
433340,Slime Rancher,144257,1,true,2026-05-17T12:16:12.185Z,2026-09-01T04:00:12.661Z,2026-09-05T04:00:30.882Z
312660,Sniper Elite 4 Deluxe Edition,192384,0,false,2026-08-17T19:34:51.168Z,2026-09-01T04:00:12.661Z,2026-09-05T04:00:30.882Z
1029690,Sniper Elite 5,253376,1,true,2026-05-01T18:48:10.283Z,2026-09-01T04:00:12.661Z,2026-09-05T04:00:30.882Z
728740,Sniper Elite V2 Remastered,121536,0,false,2026-08-13T15:21:09.719Z,2026-09-01T04:00:12.661Z,2026-09-05T04:00:30.882Z
2178990,Sodaman,85984,1,true,2026-06-06T21:08:11.641Z,2026-09-01T04:00:12.661Z,2026-09-05T04:00:30.882Z
1257850,SOLAS 128,31683,0,false,2026-05-23T17:19:27.219Z,2026-09-01T04:00:12.661Z,2026-09-05T04:00:30.882Z
1602080,Soulstice,82240,0,false,2026-04-29T11:48:20.268Z,2026-09-01T04:00:12.661Z,2026-09-05T04:00:30.882Z
420360,Spectrum,33280,0,false,2026-06-01T15:15:58.604Z,2026-09-01T04:00:12.661Z,2026-09-05T04:00:30.882Z
1058830,Spin Rhythm XD,117248,1,true,2026-06-26T13:14:35.725Z,2026-09-01T04:00:12.661Z,2026-09-05T04:00:30.882Z
2113850,Spirit City: Lofi Sessions,240128,1,true,2026-08-29T07:59:14.388Z,2026-09-01T04:00:12.661Z,2026-09-05T04:00:30.882Z
210170,Spirits,36800,2,true,2026-05-26T14:07:34.164Z,2026-09-01T04:00:12.661Z,2026-09-05T04:00:30.882Z
503750,SPLASH BLAST PANIC,28809,2,true,2026-06-15T18:32:55.143Z,2026-09-01T04:00:12.661Z,2026-09-05T04:00:30.882Z
209790,Splice,31682,1,true,2026-06-04T15:16:14.808Z,2026-09-01T04:00:12.661Z,2026-09-05T04:00:30.882Z
3453390,SQUASER 3,26880,2,true,2026-04-17T13:03:55.082Z,2026-09-01T04:00:12.661Z,2026-09-05T04:00:30.882Z
115110,Stacking,66656,0,false,2026-06-10T15:26:16.185Z,2026-09-01T04:00:12.661Z,2026-09-05T04:00:30.882Z
236150,Starpoint Gemini 2,58240,1,true,2026-04-19T12:35:21.833Z,2026-09-01T04:00:12.661Z,2026-09-05T04:00:30.882Z
419480,Starpoint Gemini Warlords,89600,1,true,2026-05-08T14:58:30.042Z,2026-09-01T04:00:12.661Z,2026-09-05T04:00:30.882Z
1631270,StarRupture,965696,1,true,2026-06-22T19:28:28.400Z,2026-09-01T04:00:12.661Z,2026-09-05T04:00:30.882Z
GIFT_CARD,Steam Wallet Funds (5CAD),320420,2,true,2025-11-11T00:56:24.949Z,2026-09-01T04:00:12.661Z,2026-09-05T04:00:30.882Z
2134770,SteamWorld Build,61376,1,true,2026-08-29T00:13:52.960Z,2026-09-01T04:00:12.661Z,2026-09-05T04:00:30.882Z
2303350,Sticky Business,25450,2,true,2026-06-10T15:25:52.864Z,2026-09-01T04:00:12.661Z,2026-09-05T04:00:30.882Z
952200,stikir,32320,1,true,2026-01-07T19:00:26.354Z,2026-09-01T04:00:12.661Z,2026-09-05T04:00:30.882Z
705290,Strange Telephone,47552,0,false,2026-05-21T14:35:30.234Z,2026-09-01T04:00:12.661Z,2026-09-05T04:00:30.882Z
2531940,Stray Path,87488,1,true,2026-03-28T12:21:14.302Z,2026-09-01T04:00:12.661Z,2026-09-05T04:00:30.882Z
3081670,Strigoi: The Vampire Legend,25435,2,true,2026-05-26T14:07:05.891Z,2026-09-01T04:00:12.661Z,2026-09-05T04:00:30.882Z
1750570,Subway Midnight,31553,2,true,2026-06-11T17:06:59.645Z,2026-09-01T04:00:12.661Z,2026-09-05T04:00:30.882Z
2240790,Sucker for Love: Date to Die For,175680,1,true,2026-02-07T16:15:21.691Z,2026-09-01T04:00:12.661Z,2026-09-05T04:00:30.882Z
2176850,Suffer The Night,40961,1,true,2026-05-09T15:23:39.863Z,2026-09-01T04:00:12.661Z,2026-09-05T04:00:30.882Z
303610,Suicide Guy,127872,4,true,2025-11-11T00:09:02.372Z,2026-09-01T04:00:12.661Z,2026-09-05T04:00:30.882Z
1972820,Suicide Guy Deluxe Plus,192704,1,true,2025-12-05T23:19:54.519Z,2026-09-01T04:00:12.661Z,2026-09-05T04:00:30.882Z
1316760,Suicide Guy VR,121408,1,true,2026-04-25T10:47:37.265Z,2026-09-01T04:00:12.661Z,2026-09-05T04:00:30.882Z
860860,Suicide Guy: Sleepin' Deeply,80448,1,true,2025-11-11T00:09:23.725Z,2026-09-01T04:00:12.661Z,2026-09-05T04:00:30.882Z
2423470,Suicide Guy: The Lost Dreams,33920,1,true,2026-04-30T13:58:58.187Z,2026-09-01T04:00:12.661Z,2026-09-05T04:00:30.882Z
1949960,Super Kiwi 64,74560,1,true,2026-02-09T23:51:59.477Z,2026-09-01T04:00:12.661Z,2026-09-05T04:00:30.882Z
311190,Super Panda Adventures,25447,1,true,2026-06-08T13:15:38.467Z,2026-09-01T04:00:12.661Z,2026-09-05T04:00:30.882Z
322500,SUPERHOT,84192,1,true,2026-05-17T12:16:05.429Z,2026-09-01T04:00:12.661Z,2026-09-05T04:00:30.882Z
2456570,Surveillance Simulator,25433,2,true,2026-05-24T22:04:12.289Z,2026-09-01T04:00:12.661Z,2026-09-05T04:00:30.882Z
2185160,Survivorman VR The Descent,225696,1,true,2026-05-10T13:30:05.194Z,2026-09-01T04:00:12.661Z,2026-09-05T04:00:30.882Z
874200,Swipe Fruit Smash,25427,4,true,2026-04-07T12:22:58.236Z,2026-09-01T04:00:12.661Z,2026-09-05T04:00:30.882Z
381191,Switch Galaxy Ultra Music Pack 1,74752,1,true,2025-12-20T14:35:20.301Z,2026-09-01T04:00:12.661Z,2026-09-05T04:00:30.882Z
46500,Syberia,57920,1,true,2026-04-14T14:00:53.461Z,2026-09-01T04:00:12.661Z,2026-09-05T04:00:30.882Z
46510,Syberia II,46400,1,true,2026-04-25T15:12:49.179Z,2026-09-01T04:00:12.661Z,2026-09-05T04:00:30.882Z
1410640,Syberia: The World Before Deluxe Edition,111744,0,false,2026-08-13T11:43:53.694Z,2026-09-01T04:00:12.661Z,2026-09-05T04:00:30.882Z
537520,SYMMETRY,25442,1,true,2026-06-03T13:43:07.846Z,2026-09-01T04:00:12.661Z,2026-09-05T04:00:30.882Z
1652250,Tales & Tactics,30401,3,true,2026-05-31T01:28:09.889Z,2026-09-01T04:00:12.661Z,2026-09-05T04:00:30.882Z
963280,Talk to Strangers,36480,0,false,2026-05-11T22:43:16.202Z,2026-09-01T04:00:12.661Z,2026-09-05T04:00:30.882Z
1436920,Tandem: A Tale of Shadows,91632,0,false,2026-05-23T17:19:43.733Z,2026-09-01T04:00:12.661Z,2026-09-05T04:00:30.882Z
1735470,Tax Fugitive,25436,0,false,2026-06-07T21:44:22.429Z,2026-09-01T04:00:12.661Z,2026-09-05T04:00:30.882Z
1444300,Teacup,59328,0,false,2026-08-20T20:06:03.818Z,2026-09-01T04:00:12.661Z,2026-09-05T04:00:30.882Z
916100,Telefrag VR,27777,3,true,2026-05-26T14:07:42.523Z,2026-09-01T04:00:12.661Z,2026-09-05T04:00:30.882Z
846820,Tell Me Everything,25420,1,true,2026-02-28T21:22:31.060Z,2026-09-01T04:00:12.661Z,2026-09-05T04:00:30.882Z
2530430,Terror At Oakheart,35841,1,true,2026-06-14T15:09:20.226Z,2026-09-01T04:00:12.661Z,2026-09-05T04:00:30.882Z
2168150,Teslagrad Remastered,60545,1,true,2026-08-28T15:30:28.746Z,2026-09-01T04:00:12.661Z,2026-09-05T04:00:30.882Z
1433860,The Amazing American Circus,30402,1,true,2026-06-03T13:43:46.101Z,2026-09-01T04:00:12.661Z,2026-09-05T04:00:30.882Z
2954500,The Artifact of Ancients,79170,1,true,2026-07-11T14:43:41.248Z,2026-09-01T04:00:12.661Z,2026-09-05T04:00:30.882Z
2341070,The Banished Vault,521888,1,true,2026-05-13T14:55:51.971Z,2026-09-01T04:00:12.661Z,2026-09-05T04:00:30.882Z
1577250,The Chant,78080,1,true,2026-04-27T11:02:15.572Z,2026-09-01T04:00:12.661Z,2026-09-05T04:00:30.882Z
1099500,The Curious Tale of the Stolen Pets,40640,1,true,2026-03-10T19:48:55.544Z,2026-09-01T04:00:12.661Z,2026-09-05T04:00:30.882Z
3587610,The Dark Queen of Mortholme,133696,1,true,2026-08-26T13:58:04.073Z,2026-09-01T04:00:12.661Z,2026-09-05T04:00:30.882Z
67370,The Darkness II,68320,1,true,2026-07-20T13:08:50.386Z,2026-09-01T04:00:12.661Z,2026-09-05T04:00:30.882Z
2548260,The Devil's Typist,25431,3,true,2026-05-24T22:03:53.019Z,2026-09-01T04:00:12.661Z,2026-09-05T04:00:30.882Z
1730590,The Entropy Centre,57344,1,true,2026-07-19T03:56:16.960Z,2026-09-01T04:00:12.661Z,2026-09-05T04:00:30.882Z
268050,The Evil Within,279488,1,true,2026-06-25T13:31:06.135Z,2026-09-01T04:00:12.661Z,2026-09-05T04:00:30.882Z
601430,The Evil Within 2,369088,0,false,2026-06-27T13:54:59.211Z,2026-09-01T04:00:12.661Z,2026-09-05T04:00:30.882Z
2653790,The Exit 8,141120,1,true,2026-05-15T13:58:50.086Z,2026-09-01T04:00:12.661Z,2026-09-05T04:00:30.882Z
1044490,The Expression Amrilato,91840,1,true,2026-02-06T17:25:57.245Z,2026-09-01T04:00:12.661Z,2026-09-05T04:00:30.882Z
1604190,The Falconeer - Edge of the World,26240,1,true,2026-01-26T21:57:05.421Z,2026-09-01T04:00:12.661Z,2026-09-05T04:00:30.882Z
1135260,The Falconeer: Revolution Remaster,36544,2,true,2026-05-26T14:07:26.183Z,2026-09-01T04:00:12.661Z,2026-09-05T04:00:30.882Z
1434030,The Falconeer: Revolution Remaster - Game Guide,40960,1,true,2026-01-26T21:59:04.886Z,2026-09-01T04:00:12.661Z,2026-09-05T04:00:30.882Z
1434020,The Falconeer: Revolution Remaster - Soundtrack,25420,1,true,2026-01-26T21:58:27.579Z,2026-09-01T04:00:12.661Z,2026-09-05T04:00:30.882Z
1516140,The Falconeer: Revolution Remaster - The Hunter,42560,1,true,2026-01-26T21:57:26.891Z,2026-09-01T04:00:12.661Z,2026-09-05T04:00:30.882Z
1452500,The Good Life,90656,1,true,2026-08-09T02:14:15.767Z,2026-09-01T04:00:12.661Z,2026-09-05T04:00:30.882Z
1087760,The Gunk,83456,1,true,2026-07-30T15:14:37.689Z,2026-09-01T04:00:12.661Z,2026-09-05T04:00:30.882Z
1727250,The Hero of Bangaona,25473,2,true,2026-06-07T21:45:03.070Z,2026-09-01T04:00:12.661Z,2026-09-05T04:00:30.882Z
325730,The Hive,34240,1,true,2026-04-24T19:39:04.010Z,2026-09-01T04:00:12.661Z,2026-09-05T04:00:30.882Z
315540,The Joylancer: Legendary Motor Knight,64640,1,true,2025-11-11T00:10:33.835Z,2026-09-01T04:00:12.661Z,2026-09-05T04:00:30.882Z
2816570,The Land of the Magnates,237208,1,true,2026-03-05T00:55:56.929Z,2026-09-01T04:00:12.661Z,2026-09-05T04:00:30.882Z
990630,The Last Campfire,45632,1,true,2026-06-17T13:10:03.768Z,2026-09-01T04:00:12.661Z,2026-09-05T04:00:30.882Z
386700,The Oil Blue: Steam Legacy Edition,27520,0,false,2026-04-03T04:15:39.257Z,2026-09-01T04:00:12.661Z,2026-09-05T04:00:30.882Z
1071130,The Procession to Calvary,27201,1,true,2026-05-27T16:29:54.049Z,2026-09-01T04:00:12.661Z,2026-09-05T04:00:30.882Z
840730,The Sandbox of God: Remastered Edition,53440,1,true,2026-05-09T15:17:01.386Z,2026-09-01T04:00:12.661Z,2026-09-05T04:00:30.882Z
1396980,The Sealed Ampoule,38080,0,false,2026-05-29T13:41:00.923Z,2026-09-01T04:00:12.661Z,2026-09-05T04:00:30.882Z
3206410,The Sinking Forest - 沈んだ森 -,117249,1,true,2026-04-10T15:36:23.432Z,2026-09-01T04:00:12.661Z,2026-09-05T04:00:30.882Z
1502560,The Smurfs - Mission Vileaf,73024,1,true,2026-04-19T12:32:34.660Z,2026-09-01T04:00:12.661Z,2026-09-05T04:00:30.882Z
862480,The Spiral Scouts,28805,0,false,2026-05-31T13:27:29.263Z,2026-09-01T04:00:12.661Z,2026-09-05T04:00:30.882Z
1727590,THE SPIRIT LIFT,82912,0,false,2026-05-29T13:41:25.064Z,2026-09-01T04:00:12.661Z,2026-09-05T04:00:30.882Z
1619230,The Star Named EOS,96768,0,false,2026-05-22T19:12:41.721Z,2026-09-01T04:00:12.661Z,2026-09-05T04:00:30.882Z
1935470,The Tales of Bayun,40960,0,false,2026-04-18T22:55:59.506Z,2026-09-01T04:00:12.661Z,2026-09-05T04:00:30.882Z
1379550,The USB Stick Found in the Grass,26560,1,true,2026-03-25T20:30:45.348Z,2026-09-01T04:00:12.661Z,2026-09-05T04:00:30.882Z
210970,The Witness,138864,1,true,2026-05-15T13:58:56.957Z,2026-09-01T04:00:12.661Z,2026-09-05T04:00:30.882Z
4038320,This Ain't Even Poker, Ya Joker,131456,1,true,2026-08-14T15:20:27.209Z,2026-09-01T04:00:12.661Z,2026-09-05T04:00:30.882Z
1608590,Thyria,116161,0,false,2026-05-10T13:29:44.624Z,2026-09-01T04:00:12.661Z,2026-09-05T04:00:30.882Z
1301950,Time Loader,32962,1,true,2026-06-19T12:03:57.086Z,2026-09-01T04:00:12.661Z,2026-09-05T04:00:30.882Z
1307580,TOEM: A Photo Adventure,57729,1,true,2026-06-19T12:04:09.447Z,2026-09-01T04:00:12.661Z,2026-09-05T04:00:30.882Z
1058320,Toki,58880,1,true,2026-05-09T15:23:47.966Z,2026-09-01T04:00:12.661Z,2026-09-05T04:00:30.882Z
617480,Tower of Time,55360,1,true,2026-06-08T13:16:15.138Z,2026-09-01T04:00:12.661Z,2026-09-05T04:00:30.882Z
1664220,Trail Out,78912,0,false,2026-07-25T18:04:44.453Z,2026-09-01T04:00:12.661Z,2026-09-05T04:00:30.882Z
24670,Trainz™ Simulator 12,99712,1,true,2025-11-11T00:11:30.763Z,2026-09-01T04:00:12.661Z,2026-09-05T04:00:30.882Z
3805710,Treasure Tiger,126976,1,true,2026-08-15T02:44:02.668Z,2026-09-01T04:00:12.661Z,2026-09-05T04:00:30.882Z
2435410,Trials Of Randoom,44801,1,true,2026-06-17T13:10:22.393Z,2026-09-01T04:00:12.661Z,2026-09-05T04:00:30.882Z
704880,Trident's Wake,28704,1,true,2026-07-11T02:53:55.987Z,2026-09-01T04:00:12.661Z,2026-09-05T04:00:30.882Z
706330,Trivia Vault: Mini Mixed Trivia 2,61568,1,true,2026-07-09T03:42:11.018Z,2026-09-01T04:00:12.661Z,2026-09-05T04:00:30.882Z
686550,Trivia Vault: Mixed Trivia,110528,0,false,2026-07-07T09:42:34.587Z,2026-09-01T04:00:12.661Z,2026-09-05T04:00:30.882Z
845970,Trivia Vault: Movie Trivia,54595,1,true,2026-05-14T12:46:55.717Z,2026-09-01T04:00:12.661Z,2026-09-05T04:00:30.882Z
1059990,Trombone Champ,204160,1,true,2026-06-28T13:13:03.595Z,2026-09-01T04:00:12.661Z,2026-09-05T04:00:30.882Z
768180,Truck Driver,137472,1,true,2026-08-18T08:16:23.050Z,2026-09-01T04:00:12.661Z,2026-09-05T04:00:30.882Z
256070,Truck Racer,30400,1,true,2026-04-06T03:45:56.581Z,2026-09-01T04:00:12.661Z,2026-09-05T04:00:30.882Z
1924170,TT Isle Of Man: Ride on the Edge 3,180481,1,true,2026-02-22T15:36:02.262Z,2026-09-01T04:00:12.661Z,2026-09-05T04:00:30.882Z
1324350,Turbo Golf Racing,34880,1,true,2026-01-20T17:53:30.615Z,2026-09-01T04:00:12.661Z,2026-09-05T04:00:30.882Z
3484310,Twilight,25434,2,true,2026-05-25T12:37:44.661Z,2026-09-01T04:00:12.661Z,2026-09-05T04:00:30.882Z
27900,Twin Sector,70400,1,true,2025-11-11T00:11:53.637Z,2026-09-01T04:00:12.661Z,2026-09-05T04:00:30.882Z
258890,Type:Rider,38592,0,false,2026-07-22T13:10:35.609Z,2026-09-01T04:00:12.661Z,2026-09-05T04:00:30.882Z
2295970,UFO ROBOT GRENDIZER – The Feast of the Wolves,88368,0,false,2026-04-29T11:48:11.825Z,2026-09-01T04:00:12.661Z,2026-09-05T04:00:30.882Z
1229490,ULTRAKILL,565344,1,true,2026-04-23T14:35:30.524Z,2026-09-01T04:00:12.661Z,2026-09-05T04:00:30.882Z
1223500,Umurangi Generation,92672,1,true,2026-08-08T14:51:11.950Z,2026-09-01T04:00:12.661Z,2026-09-05T04:00:30.882Z
1452250,Underground Garage,84016,1,true,2026-05-25T12:38:21.085Z,2026-09-01T04:00:12.661Z,2026-09-05T04:00:30.882Z
656350,UnderMine,142720,1,true,2026-06-30T13:12:35.761Z,2026-09-01T04:00:12.661Z,2026-09-05T04:00:30.882Z
2635350,United Penguin Kingdom,145792,1,true,2026-04-27T11:02:01.475Z,2026-09-01T04:00:12.661Z,2026-09-05T04:00:30.882Z
2651290,Urban Legend Hunters 2: Double,26563,1,true,2026-05-19T18:10:28.985Z,2026-09-01T04:00:12.661Z,2026-09-05T04:00:30.882Z
2141770,URBO,57409,1,true,2026-08-28T06:49:03.241Z,2026-09-01T04:00:12.661Z,2026-09-05T04:00:30.882Z
678850,Uurnog Uurnlimited,26241,2,true,2026-04-30T13:59:13.560Z,2026-09-01T04:00:12.661Z,2026-09-05T04:00:30.882Z
1604030,V Rising,485408,1,true,2026-05-17T12:16:24.605Z,2026-09-01T04:00:12.661Z,2026-09-05T04:00:30.882Z
658700,V-Rally 4,45760,1,true,2026-06-12T19:47:54.145Z,2026-09-01T04:00:12.661Z,2026-09-05T04:00:30.882Z
2206270,Vampire Hunters,244768,1,true,2026-06-24T14:33:25.781Z,2026-09-01T04:00:12.661Z,2026-09-05T04:00:30.882Z
1096410,Vampire: The Masquerade - Coteries of New York,46400,0,false,2026-04-05T12:16:45.774Z,2026-09-01T04:00:12.661Z,2026-09-05T04:00:30.882Z
917950,Vellum,126464,1,true,2026-08-26T22:53:31.717Z,2026-09-01T04:00:12.661Z,2026-09-05T04:00:30.882Z
1424600,Verne: The Shape of Fantasy,113728,1,true,2026-08-13T22:56:28.010Z,2026-09-01T04:00:12.661Z,2026-09-05T04:00:30.882Z
264120,Victory: The Age of Racing,124800,1,true,2025-11-11T00:12:18.164Z,2026-09-01T04:00:12.661Z,2026-09-05T04:00:30.882Z
1549850,Virtual Hunter,156928,1,true,2026-06-06T21:08:04.285Z,2026-09-01T04:00:12.661Z,2026-09-05T04:00:30.882Z
334540,Vox Machinae,207200,1,true,2026-05-01T18:47:56.784Z,2026-09-01T04:00:12.661Z,2026-09-05T04:00:30.882Z
2187290,Wall World,45057,1,true,2026-07-24T05:27:33.850Z,2026-09-01T04:00:12.661Z,2026-09-05T04:00:30.882Z
15620,Warhammer 40,000: Dawn of War II - Anniversary,393984,0,false,2026-08-11T15:08:37.366Z,2026-09-01T04:00:12.661Z,2026-09-05T04:00:30.882Z
4508270,Way to Hell 2 New era,86640,1,true,2026-05-06T14:49:32.045Z,2026-09-01T04:00:12.661Z,2026-09-05T04:00:30.882Z
551110,Wayout,43328,1,true,2026-02-28T21:23:14.229Z,2026-09-01T04:00:12.661Z,2026-09-05T04:00:30.882Z
794310,We are alright,24200,1,true,2026-05-07T14:53:27.777Z,2026-09-01T04:00:12.661Z,2026-09-05T04:00:30.882Z
792970,Wheelz2,28807,1,true,2026-06-13T15:25:28.563Z,2026-09-01T04:00:12.661Z,2026-09-05T04:00:30.882Z
447120,Where the Water Tastes Like Wine,36864,1,true,2026-05-14T12:47:09.707Z,2026-09-01T04:00:12.661Z,2026-09-05T04:00:30.882Z
4429700,Which Sausage, Mate?,120320,1,true,2026-08-29T04:09:54.328Z,2026-09-01T04:00:12.661Z,2026-09-05T04:00:30.882Z
4263890,Whisker Wars,52832,1,true,2026-07-14T03:23:50.545Z,2026-09-01T04:00:12.661Z,2026-09-05T04:00:30.882Z
1158890,White Shadows,138240,0,false,2026-08-14T22:45:34.106Z,2026-09-01T04:00:12.661Z,2026-09-05T04:00:30.882Z
1628130,Who Pressed Mute on Uncle Marcus?,32704,2,true,2026-03-16T11:45:21.609Z,2026-09-01T04:00:12.661Z,2026-09-05T04:00:30.882Z
57700,Who's That Flying?!,36800,1,true,2025-11-11T00:13:37.820Z,2026-09-01T04:00:12.661Z,2026-09-05T04:00:30.882Z
1811990,Wildfrost,301840,0,false,2026-05-16T13:34:34.114Z,2026-09-01T04:00:12.661Z,2026-09-05T04:00:30.882Z
326410,Windward,50241,0,false,2026-04-09T02:17:03.158Z,2026-09-01T04:00:12.661Z,2026-09-05T04:00:30.882Z
1054490,Wingspan,262208,1,true,2026-06-18T13:58:09.142Z,2026-09-01T04:00:12.661Z,2026-09-05T04:00:30.882Z
3145620,Without a Dawn,42561,1,true,2026-07-18T20:15:41.633Z,2026-09-01T04:00:12.661Z,2026-09-05T04:00:30.882Z
2193540,Wizard of Legend 2,52160,1,true,2026-04-30T13:59:21.144Z,2026-09-01T04:00:12.661Z,2026-09-05T04:00:30.882Z
1056970,Wolfenstein: Cyberpilot,45824,1,true,2026-06-23T16:50:55.455Z,2026-09-01T04:00:12.661Z,2026-09-05T04:00:30.882Z
259830,Wooden Sen'SeY,26624,0,false,2026-06-01T15:15:25.210Z,2026-09-01T04:00:12.661Z,2026-09-05T04:00:30.882Z
1173740,Woodle Tree 2: Deluxe+,54400,1,true,2026-05-06T14:49:45.794Z,2026-09-01T04:00:12.661Z,2026-09-05T04:00:30.882Z
7760,X-COM: UFO Defense,26477,1,true,2026-07-26T05:49:20.618Z,2026-09-01T04:00:12.661Z,2026-09-05T04:00:30.882Z
200510,XCOM: Enemy Unknown,27648,1,true,2026-07-24T01:24:32.034Z,2026-09-01T04:00:12.661Z,2026-09-05T04:00:30.882Z
1674640,XEL,38081,1,true,2026-05-14T12:47:24.428Z,2026-09-01T04:00:12.661Z,2026-09-05T04:00:30.882Z
1170760,XIII - Classic,90817,1,true,2026-04-17T13:04:50.502Z,2026-09-01T04:00:12.661Z,2026-09-05T04:00:30.882Z
2011780,Yellow Taxi Goes Vroom,148480,1,true,2026-04-23T14:33:27.890Z,2026-09-01T04:00:12.661Z,2026-09-05T04:00:30.882Z
260000,YOU DON'T KNOW JACK MOVIES,29120,1,true,2026-03-01T16:45:06.801Z,2026-09-01T04:00:12.661Z,2026-09-05T04:00:30.882Z
1493760,Youtubers Life 2,229184,1,true,2026-05-29T13:41:39.182Z,2026-09-01T04:00:12.661Z,2026-09-05T04:00:30.882Z
1434540,Zoeti,28480,1,true,2026-06-03T13:43:38.911Z,2026-09-01T04:00:12.661Z,2026-09-05T04:00:30.882Z
301640,Zombie Army Trilogy,78081,1,true,2026-05-05T13:58:59.033Z,2026-09-01T04:00:12.661Z,2026-09-05T04:00:30.882Z
